#Scan#	SpectrumFile	Annotation	OrigAnnotation	Protein	dbIndex	numMods	matchOrientation	startMass	Charge	MQScore	p-value	isDecoy	StrictEnvelopeScore	UnstrictEvelopeScore	CompoundName	Organism	FileScanUniqueID	FDR	LibraryName	mzErrorPPM	LibMetaData	Smiles	Inchi	LibSearchSharedPeaks	Abundance	ParentMassDiff	SpecMZ	ExactMass	LibrarySpectrumID
595	spectra_filtered.mgf	*..*		:3853	3853	-1	0	175.123	1	0.996034	0	0	54707900.0	7785310.0	Gramine - 30.0 eV M+H	BIRMINGHAM-UHPLC-MS-POS	temp/spectra_filtered.mgf595	-1	BIRMINGHAM-UHPLC-MS-POS.mgf	5411.24				7	0	0.947632	176.071	0	CCMSLIB00006119170
135	spectra_filtered.mgf	*..*		:15	5593	-1	0	183.086	1	0.99474	0	0	1331950.0	14471900.0	Spectral Match to D-Mannitol from NIST14 M+H	GNPS-NIST14-MATCHES	temp/spectra_filtered.mgf135	-1	GNPS-NIST14-MATCHES.mgf	2.00021				9	0	0.000366211	183.086	0	CCMSLIB00003140080
203	spectra_filtered.mgf	*..*		:24	1596	-1	0	183.086	1	0.993538	0	0	100779.0	7118070.0	Spectral Match to D-Sorbitol from NIST14 M+H	GNPS-NIST14-MATCHES	temp/spectra_filtered.mgf203	-1	GNPS-NIST14-MATCHES.mgf	49.8386				8	0	0.00912476	183.077	0	CCMSLIB00003136083
102	spectra_filtered.mgf	*..*		:24	1596	-1	0	183.086	1	0.992075	0	0	100779.0	4864970.0	Spectral Match to D-Sorbitol from NIST14 M+H	GNPS-NIST14-MATCHES	temp/spectra_filtered.mgf102	-1	GNPS-NIST14-MATCHES.mgf	54.5891				8	0	0.00999451	183.096	0	CCMSLIB00003136083
202	spectra_filtered.mgf	*..*		:24	1596	-1	0	183.086	1	0.99087	0	0	100779.0	4232220.0	Spectral Match to D-Sorbitol from NIST14 M+H	GNPS-NIST14-MATCHES	temp/spectra_filtered.mgf202	-1	GNPS-NIST14-MATCHES.mgf	54.7558				8	0	0.010025	183.096	0	CCMSLIB00003136083
762	spectra_filtered.mgf	*..*		:10702	11148	-1	0	415.212	1	0.98884	0	0	4896590.0	263603000.0	1-({[2-(2-furylmethyl)-5-methylpyrrolidinyl]amino}methylene)-7-[8-({[2-(2-fury lmethyl)pyrrolidinyl]amino}methylene)-1,6-dihydroxy-3-methyl-5-(methylethyl)-7 -oxo(2-naphthyl)]-3,8-dihydroxy-6-methyl-4-(methylethyl)naphthalen-2-one CollisionEnergy:102040 M+2H]	BERKELEY-LAB	temp/spectra_filtered.mgf762	-1	BERKELEY-LAB.mgf	0.955484				8	0	0.000396729	415.212	0	CCMSLIB00010113136
55	spectra_filtered.mgf	*..*		:21	198	-1	0	257.147	1	0.986417	0	0	4072860.0	102035000.0	BETAINE 2M+Na	GNPS-MSMLS	temp/spectra_filtered.mgf55	-1	GNPS-MSMLS.mgf	0.237355				6	0	6.10352e-05	257.147	0	CCMSLIB00005463949
199	spectra_filtered.mgf	*..*		:21	198	-1	0	257.147	1	0.985684	0	0	4072860.0	27692600.0	BETAINE 2M+Na	GNPS-MSMLS	temp/spectra_filtered.mgf199	-1	GNPS-MSMLS.mgf	0.47471				6	0	0.00012207	257.147	0	CCMSLIB00005463949
217	spectra_filtered.mgf	*..*		:21	198	-1	0	257.147	1	0.985623	0	0	4072860.0	28945100.0	BETAINE 2M+Na	GNPS-MSMLS	temp/spectra_filtered.mgf217	-1	GNPS-MSMLS.mgf	0.593388				6	0	0.000152588	257.147	0	CCMSLIB00005463949
243	spectra_filtered.mgf	*..*		:760	3988	-1	0	355.102	1	0.98362	0	0	168477000.0	1349680.0	Chlorogenic acid M+H	GNPS-LIBRARY	temp/spectra_filtered.mgf243	-1	GNPS-LIBRARY.mgf	0.945343				9	0	0.000335693	355.102	0	CCMSLIB00004684185
810	spectra_filtered.mgf	*..*		:10702	11148	-1	0	415.212	1	0.978362	0	0	4896590.0	1927670.0	1-({[2-(2-furylmethyl)-5-methylpyrrolidinyl]amino}methylene)-7-[8-({[2-(2-fury lmethyl)pyrrolidinyl]amino}methylene)-1,6-dihydroxy-3-methyl-5-(methylethyl)-7 -oxo(2-naphthyl)]-3,8-dihydroxy-6-methyl-4-(methylethyl)naphthalen-2-one CollisionEnergy:102040 M+2H]	BERKELEY-LAB	temp/spectra_filtered.mgf810	-1	BERKELEY-LAB.mgf	1.24948				6	0	0.000518799	415.211	0	CCMSLIB00010113136
786	spectra_filtered.mgf	*..*		:10702	11148	-1	0	415.212	1	0.977272	0	0	4896590.0	9267810.0	1-({[2-(2-furylmethyl)-5-methylpyrrolidinyl]amino}methylene)-7-[8-({[2-(2-fury lmethyl)pyrrolidinyl]amino}methylene)-1,6-dihydroxy-3-methyl-5-(methylethyl)-7 -oxo(2-naphthyl)]-3,8-dihydroxy-6-methyl-4-(methylethyl)naphthalen-2-one CollisionEnergy:102040 M+2H]	BERKELEY-LAB	temp/spectra_filtered.mgf786	-1	BERKELEY-LAB.mgf	1.32298				8	0	0.000549316	415.211	0	CCMSLIB00010113136
745	spectra_filtered.mgf	*..*		:10702	11148	-1	0	415.212	1	0.974457	0	0	4896590.0	692085.0	1-({[2-(2-furylmethyl)-5-methylpyrrolidinyl]amino}methylene)-7-[8-({[2-(2-fury lmethyl)pyrrolidinyl]amino}methylene)-1,6-dihydroxy-3-methyl-5-(methylethyl)-7 -oxo(2-naphthyl)]-3,8-dihydroxy-6-methyl-4-(methylethyl)naphthalen-2-one CollisionEnergy:102040 M+2H]	BERKELEY-LAB	temp/spectra_filtered.mgf745	-1	BERKELEY-LAB.mgf	1.17598				6	0	0.000488281	415.212	0	CCMSLIB00010113136
115	spectra_filtered.mgf	*..*		:13240	13240	-1	0	176.071	1	0.966598	0	0	107.305	1071730.0	7-Amino-4-methylcoumarin [M+H]+	MSNLIB-POSITIVE	temp/spectra_filtered.mgf115	-1	MSNLIB-POSITIVE.mgf	354.017				6	0	0.0623322	176.009	0	CCMSLIB00012287541
1246	spectra_filtered.mgf	*..*		:8563	283	-1	0	185.081	0	0.965944	0	0	9596610.0	940828.0	Asperlactone M+H	TUEBINGEN-NATURAL-PRODUCT-COLLECTION	temp/spectra_filtered.mgf1246	-1	TUEBINGEN-NATURAL-PRODUCT-COLLECTION.mgf	1037.23				8	0	0.191971	184.889	0	CCMSLIB00011906249
182	spectra_filtered.mgf	*..*		:24	1596	-1	0	183.086	1	0.963726	0	0	100779.0	7986090.0	Spectral Match to D-Sorbitol from NIST14 M+H	GNPS-NIST14-MATCHES	temp/spectra_filtered.mgf182	-1	GNPS-NIST14-MATCHES.mgf	49.8386				7	0	0.00912476	183.077	0	CCMSLIB00003136083
793	spectra_filtered.mgf	*..*		:1	487	-1	0	288.253	1	0.963419	0	0	293681000.0	365066.0	Lauryl diethanolamide M+H	CASMI	temp/spectra_filtered.mgf793	-1	CASMI.mgf	0.952837				7	0	0.000274658	288.253	0	CCMSLIB00000579850
121	spectra_filtered.mgf	*..*		:18571	19017	-1	0	241.095	1	0.960754	0	0	10331800.0	3009250.0	N-Formylcytisine CollisionEnergy:205060 M+Na	BERKELEY-LAB	temp/spectra_filtered.mgf121	-1	BERKELEY-LAB.mgf	445.748				9	0	0.107468	240.988	0	CCMSLIB00010121006
661	spectra_filtered.mgf	*..*		:966	966	-1	0	228.196	1	0.957788	0	0	198338.0	367958.0	Cycloleucine_2-Heptanone (known isomers: 0; isobaric peaks in run: 1) [M+H]+	GNPS-ALKYLAMINES-LIBRARY	temp/spectra_filtered.mgf661	-1	GNPS-ALKYLAMINES-LIBRARY.mgf	0.735537				10	0	0.000167847	228.196	0	CCMSLIB00016343993
251	spectra_filtered.mgf	*..*		:1	5125	-1	0	355.101	1	0.956942	0	0	161361000.0	406652.0	Chlorogenic acid-emf M+H	GNPS-LIBRARY	temp/spectra_filtered.mgf251	-1	GNPS-LIBRARY.mgf	3.69544				6	0	0.00131226	355.102	0	CCMSLIB00005463717
127	spectra_filtered.mgf	*..*		:1240	7677	-1	0	302.079	1	0.956878	0	0	1327010.0	1376490.0	2-(2H-1,3-benzodioxol-5-yl)-1-methyl-1,4-dihydroquinolin-4-one M+Na	GNPS-LIBRARY	temp/spectra_filtered.mgf127	-1	GNPS-LIBRARY.mgf	402.181				12	0	0.12149	301.958	0	CCMSLIB00005725188
229	spectra_filtered.mgf	*..*		:620	2573	-1	0	188.07	1	0.9536	0	0	4792390.0	393036.0	Spectral Match to L-Tryptophan from NIST14 M+H-NH3	GNPS-NIST14-MATCHES	temp/spectra_filtered.mgf229	-1	GNPS-NIST14-MATCHES.mgf	3.32648				6	0	0.00062561	188.071	0	CCMSLIB00003137060
1330	spectra_filtered.mgf	*..*		:4508	4130	-1	0	531.406	1	0.951988	0	0	1898880.0	1096370.0	Spectral Match to Didodecyl 3,3'-thiodipropionate oxide from NIST14 M+H	GNPS-NIST14-MATCHES	temp/spectra_filtered.mgf1330	-1	GNPS-NIST14-MATCHES.mgf	4.24967				10	0	0.0022583	531.408	0	CCMSLIB00003138617
838	spectra_filtered.mgf	*..*		:3738	4340	-1	0	277.216	1	0.951751	0	0	1654100.0	265261.0	Spectral Match to 9S-Hydroxy-10E,12Z,15Z-octadecatrienoic acid from NIST14 M+H-H2O	GNPS-NIST14-MATCHES	temp/spectra_filtered.mgf838	-1	GNPS-NIST14-MATCHES.mgf	0.880687				11	0	0.000244141	277.216	0	CCMSLIB00003138827
1214	spectra_filtered.mgf	*..*		:301	14162	-1	0	165.076	1	0.941302	0	0	73527700.0	80479.7	Mannitol M+H-H2O	GNPS-LIBRARY	temp/spectra_filtered.mgf1214	-1	GNPS-LIBRARY.mgf	1.20165				7	0	0.000198364	165.076	0	CCMSLIB00012176426
111	spectra_filtered.mgf	*..*		:90099	190538	-1	0	158.025	1	0.937459	0	0	209.972	738113.0	5-FLUORO-2-HYDROXYNICOTINIC ACID [M+H]+	MSNLIB-POSITIVE	temp/spectra_filtered.mgf111	-1	MSNLIB-POSITIVE.mgf	60.6393				6	0	0.00958252	158.035	0	CCMSLIB00012989855
112	spectra_filtered.mgf	*..*		:90099	190538	-1	0	158.025	1	0.937459	0	0	209.972	738113.0	5-FLUORO-2-HYDROXYNICOTINIC ACID [M+H]+	MSNLIB-POSITIVE	temp/spectra_filtered.mgf112	-1	MSNLIB-POSITIVE.mgf	85.1653				6	0	0.0134583	158.038	0	CCMSLIB00012989855
1148	spectra_filtered.mgf	*..*		:4684	5620	-1	0	283.26	1	0.933641	0	0	2285130.0	224080000.0	Spectral Match to 3-Hydroxyoctadecanoic Acid from NIST14 M+H-H2O	GNPS-NIST14-MATCHES	temp/spectra_filtered.mgf1148	-1	GNPS-NIST14-MATCHES.mgf	4057.81				11	0	1.14941	282.111	0	CCMSLIB00003140107
106	spectra_filtered.mgf	*..*		:26612	46478	-1	0	144.066	1	0.932818	0	0	308.115	4875360.0	4-Hydroxy-6-Methylpyran-2-One [M+NH4]+	MONA	temp/spectra_filtered.mgf106	-1	MONA.mgf	13345.7				8	0	1.92267	145.989	0	CCMSLIB00004719078
132	spectra_filtered.mgf	*..*		:301	14162	-1	0	165.076	1	0.931291	0	0	73527700.0	9863290.0	Mannitol M+H-H2O	GNPS-LIBRARY	temp/spectra_filtered.mgf132	-1	GNPS-LIBRARY.mgf	1.29409				7	0	0.000213623	165.076	0	CCMSLIB00012176426
126	spectra_filtered.mgf	*..*		:995	7303	-1	0	273.1	1	0.93057	0	0	627799.0	1598510.0	2-benzyl-1-methyl-1,4-dihydroquinazolin-4-one M+Na	GNPS-LIBRARY	temp/spectra_filtered.mgf126	-1	GNPS-LIBRARY.mgf	3158.59				12	0	0.86261	273.963	0	CCMSLIB00005724814
113	spectra_filtered.mgf	*..*		:83190	183629	-1	0	159.055	1	0.930477	0	0	216.036	947902.0	3-methylimidazo[1,5-a]pyridine-1-carboxylic acid [M+H-H2O]+	MSNLIB-POSITIVE	temp/spectra_filtered.mgf113	-1	MSNLIB-POSITIVE.mgf	151.288				7	0	0.0240631	159.031	0	CCMSLIB00012884718
1264	spectra_filtered.mgf	*..*		:1461	4494	-1	0	626.217	1	0.927011	0	0	11103900.0	974335.0	Contaminant vial septum ThermoFisher C5000-44B M+NH4	GNPS-LIBRARY	temp/spectra_filtered.mgf1264	-1	GNPS-LIBRARY.mgf	3159.08				18	0	1.97827	628.195	0	CCMSLIB00005435819
1007	spectra_filtered.mgf	*..*		:16125	16571	-1	0	189.112	1	0.924084	0	0	1007130.0	175729.0	azelaic acid CollisionEnergy:205060 M+H	BERKELEY-LAB	temp/spectra_filtered.mgf1007	-1	BERKELEY-LAB.mgf	5202.02				6	0	0.983765	188.128	0	CCMSLIB00010118560
123	spectra_filtered.mgf	*..*		:85270	85270	-1	0	257.078	1	0.923274	0	0	294.767	2949040.0	(2R)-5-methoxy-2-methyl-2,3,8,9-tetrahydrofuro[2,3-h]chromen-4-one [M+Na]+	MSNLIB-POSITIVE	temp/spectra_filtered.mgf123	-1	MSNLIB-POSITIVE.mgf	459.168				7	0	0.118042	256.96	0	CCMSLIB00012436522
1203	spectra_filtered.mgf	*..*		:406	130	-1	0	371.1	1	0.923212	0	0	2493310.0	321653.0	CAMPTOTHECIN M+Na	LEAFBOT	temp/spectra_filtered.mgf1203	-1	LEAFBOT.mgf	3.28942				8	0	0.0012207	371.101	0	CCMSLIB00011427902
166	spectra_filtered.mgf	*..*		:1798	14897	-1	0	156.042	1	0.921014	0	0	57710.8	642345.0	VALINE M+K	GNPS-LIBRARY	temp/spectra_filtered.mgf166	-1	GNPS-LIBRARY.mgf	0.880078				6	0	0.000137329	156.042	0	CCMSLIB00013583155
82	spectra_filtered.mgf	*..*		:301	14162	-1	0	165.076	1	0.918732	0	0	73527700.0	152380.0	Mannitol M+H-H2O	GNPS-LIBRARY	temp/spectra_filtered.mgf82	-1	GNPS-LIBRARY.mgf	1.57139				7	0	0.000259399	165.076	0	CCMSLIB00012176426
40	spectra_filtered.mgf	*..*		:11056	29519	-1	0	200.113	1	0.918441	0	0	290.55	17367100.0	Sorbitol [M+NH4]+	MONA	temp/spectra_filtered.mgf40	-1	MONA.mgf	9728.08				9	0	1.94672	202.06	0	CCMSLIB00004702119
1058	spectra_filtered.mgf	*..*		:3119	918	-1	0	265.216	1	0.915179	0	0	1253890.0	1332530.0	Spectral Match to 12(S)-Hydroxy-16-heptadecynoic acid from NIST14 M+H-H2O	GNPS-NIST14-MATCHES	temp/spectra_filtered.mgf1058	-1	GNPS-NIST14-MATCHES.mgf	7461.86				7	0	1.979	263.237	0	CCMSLIB00003135404
101	spectra_filtered.mgf	*..*		:77	3818	-1	0	196.06	1	0.915005	0	0	747315.0	13273800.0	Spectral Match to 2-(N-Morpholino)ethanesulfonic acid from NIST14 M+H	GNPS-NIST14-MATCHES	temp/spectra_filtered.mgf101	-1	GNPS-NIST14-MATCHES.mgf	19.6124				6	0	0.00384521	196.064	0	CCMSLIB00003138305
1172	spectra_filtered.mgf	*..*		:4684	5620	-1	0	283.26	1	0.91488	0	0	2285130.0	20240800.0	Spectral Match to 3-Hydroxyoctadecanoic Acid from NIST14 M+H-H2O	GNPS-NIST14-MATCHES	temp/spectra_filtered.mgf1172	-1	GNPS-NIST14-MATCHES.mgf	3462.56				11	0	0.980804	282.279	0	CCMSLIB00003140107
178	spectra_filtered.mgf	*..*		:36127	36127	-1	0	196.064	1	0.91293	0	0	189.933	2110680.0	4432-31-9 [M+H]+	MSNLIB-POSITIVE	temp/spectra_filtered.mgf178	-1	MSNLIB-POSITIVE.mgf	53.8553				7	0	0.0105591	196.053	0	CCMSLIB00012340035
1156	spectra_filtered.mgf	*..*		:16711	17157	-1	0	199.169	1	0.91168	0	0	76539800.0	1063670.0	12-Hydroxydodecanoic acid CollisionEnergy:205060 M+H-H2O	BERKELEY-LAB	temp/spectra_filtered.mgf1156	-1	BERKELEY-LAB.mgf	4939.35				7	0	0.983765	198.185	0	CCMSLIB00010119146
1014	spectra_filtered.mgf	*..*		:3192	1670	-1	0	255.232	1	0.910603	0	0	243558.0	1620190.0	Spectral Match to Palmitelaidic acid from NIST14 M+H	GNPS-NIST14-MATCHES	temp/spectra_filtered.mgf1014	-1	GNPS-NIST14-MATCHES.mgf	3855.83				10	0	0.984131	254.248	0	CCMSLIB00003136157
201	spectra_filtered.mgf	*..*		:1798	14897	-1	0	156.042	1	0.909927	0	0	57710.8	907897.0	VALINE M+K	GNPS-LIBRARY	temp/spectra_filtered.mgf201	-1	GNPS-LIBRARY.mgf	47.7198				6	0	0.00744629	156.035	0	CCMSLIB00013583155
920	spectra_filtered.mgf	*..*		:5609	967	-1	0	282.279	1	0.909866	0	0	192864.0	171273.0	Spectral Match to 9-Octadecenamide, (Z)- from NIST14 M+H	GNPS-NIST14-MATCHES	temp/spectra_filtered.mgf920	-1	GNPS-NIST14-MATCHES.mgf	0.324334				10	0	9.15527e-05	282.279	0	CCMSLIB00003135453
996	spectra_filtered.mgf	*..*		:3888	2008	-1	0	237.221	1	0.909719	0	0	12114000.0	531606.0	Spectral Match to Palmitelaidic acid from NIST14 M+H-H2O	GNPS-NIST14-MATCHES	temp/spectra_filtered.mgf996	-1	GNPS-NIST14-MATCHES.mgf	1.41511				10	0	0.000335693	237.221	0	CCMSLIB00003136495
678	spectra_filtered.mgf	*..*		:388	5073	-1	0	177.055	0	0.909676	0	0	41353.7	434704.0	Spectral Match to Diethyl phthalate from NIST14 M+H-C2H6O	GNPS-NIST14-MATCHES	temp/spectra_filtered.mgf678	-1	GNPS-NIST14-MATCHES.mgf	1.89598				6	0	0.000335693	177.055	0	CCMSLIB00003139560
104	spectra_filtered.mgf	*..*		:22700	23146	-1	0	137.06	1	0.90875	0	0	61778400.0	22845800.0	Hydroxytyrosol CollisionEnergy:205060 M+H-H2O	BERKELEY-LAB	temp/spectra_filtered.mgf104	-1	BERKELEY-LAB.mgf	425.166				6	0	0.0582733	137.002	0	CCMSLIB00010125136
778	spectra_filtered.mgf	*..*		:41175	53174	-1	0	302.305	1	0.908746	0	0	14894800.0	218131.0	Massbank:LU100204 2,2'-(Tetradecylimino)diethanol|Tetradecyldiethanolamine M+H	MASSBANK	temp/spectra_filtered.mgf778	-1	MASSBANK.mgf	0.908547				8	0	0.000274658	302.305	0	CCMSLIB00005766726
1070	spectra_filtered.mgf	*..*		:406	130	-1	0	371.1	1	0.908441	0	0	2493310.0	251422.0	CAMPTOTHECIN M+Na	LEAFBOT	temp/spectra_filtered.mgf1070	-1	LEAFBOT.mgf	3.37165				10	0	0.00125122	371.101	0	CCMSLIB00011427902
873	spectra_filtered.mgf	*..*		:1681	1958	-1	0	267.173	1	0.90799	0	0	34490.7	203947.0	Spectral Match to Tributyl phosphate from NIST14 M+H	GNPS-NIST14-MATCHES	temp/spectra_filtered.mgf873	-1	GNPS-NIST14-MATCHES.mgf	3.76939				9	0	0.00100708	267.172	0	CCMSLIB00003136445
993	spectra_filtered.mgf	*..*		:16711	17157	-1	0	199.169	1	0.902	0	0	76539800.0	113808.0	12-Hydroxydodecanoic acid CollisionEnergy:205060 M+H-H2O	BERKELEY-LAB	temp/spectra_filtered.mgf993	-1	BERKELEY-LAB.mgf	4938.35				7	0	0.983566	198.185	0	CCMSLIB00010119146
583	spectra_filtered.mgf	*..*		:301	14162	-1	0	165.076	1	0.901471	0	0	73527700.0	633621.0	Mannitol M+H-H2O	GNPS-LIBRARY	temp/spectra_filtered.mgf583	-1	GNPS-LIBRARY.mgf	1.57139				7	0	0.000259399	165.076	0	CCMSLIB00012176426
533	spectra_filtered.mgf	*..*		:301	14162	-1	0	165.076	1	0.900669	0	0	73527700.0	3228840.0	Mannitol M+H-H2O	GNPS-LIBRARY	temp/spectra_filtered.mgf533	-1	GNPS-LIBRARY.mgf	1.8487				7	0	0.000305176	165.076	0	CCMSLIB00012176426
1293	spectra_filtered.mgf	*..*		:1537	4495	-1	0	700.236	1	0.899573	0	0	8286830.0	516114.0	Contaminant vial septum ThermoFisher C5000-44B M+NH4	GNPS-LIBRARY	temp/spectra_filtered.mgf1293	-1	GNPS-LIBRARY.mgf	2824.98				17	0	1.97815	702.214	0	CCMSLIB00005435820
1113	spectra_filtered.mgf	*..*		:8245	31	-1	0	282.279	1	0.899154	0	0	606694.0	81866.9	Spectral Match to 9-Octadecenamide, (Z)- from NIST14 M+H	GNPS-NIST14-MATCHES	temp/spectra_filtered.mgf1113	-1	GNPS-NIST14-MATCHES.mgf	0.540557				8	0	0.000152588	282.279	0	CCMSLIB00003134517
994	spectra_filtered.mgf	*..*		:2743	1245	-1	0	219.21	1	0.89778	0	0	9448.92	816018.0	Spectral Match to Pinolenic acid ethyl ester from NIST14 219.2	GNPS-NIST14-MATCHES	temp/spectra_filtered.mgf994	-1	GNPS-NIST14-MATCHES.mgf	3.82844				9	0	0.000839233	219.211	0	CCMSLIB00003135731
725	spectra_filtered.mgf	*..*		:34571	34571	-1	0	432.311	1	0.8964	0	0	204.33	290169.0	glycodeoxycholic acid [M+H-H2O]+	MSNLIB-POSITIVE	temp/spectra_filtered.mgf725	-1	MSNLIB-POSITIVE.mgf	167.797				8	0	0.0725403	432.238	0	CCMSLIB00012336920
906	spectra_filtered.mgf	*..*		:4684	5620	-1	0	283.26	1	0.896181	0	0	2285130.0	162907.0	Spectral Match to 3-Hydroxyoctadecanoic Acid from NIST14 M+H-H2O	GNPS-NIST14-MATCHES	temp/spectra_filtered.mgf906	-1	GNPS-NIST14-MATCHES.mgf	3462.88				8	0	0.980896	282.279	0	CCMSLIB00003140107
748	spectra_filtered.mgf	*..*		:6260	23323	-1	0	295.181	1	0.896087	0	0	28341.0	283907.0	cinchonine [CCS=171.91067504882812] [M+H]+	GNPS-ION-MOBILITY-LIBRARY	temp/spectra_filtered.mgf748	-1	GNPS-ION-MOBILITY-LIBRARY.mgf	31.7395				12	0	0.0093689	295.19	0	CCMSLIB00017432739
1242	spectra_filtered.mgf	*..*		:8563	283	-1	0	185.081	0	0.895815	0	0	9596610.0	940219.0	Asperlactone M+H	TUEBINGEN-NATURAL-PRODUCT-COLLECTION	temp/spectra_filtered.mgf1242	-1	TUEBINGEN-NATURAL-PRODUCT-COLLECTION.mgf	1037.23				7	0	0.191971	184.889	0	CCMSLIB00011906249
1174	spectra_filtered.mgf	*..*		:301	14162	-1	0	165.076	1	0.895735	0	0	73527700.0	81272.0	Mannitol M+H-H2O	GNPS-LIBRARY	temp/spectra_filtered.mgf1174	-1	GNPS-LIBRARY.mgf	1.10922				7	0	0.000183105	165.076	0	CCMSLIB00012176426
153	spectra_filtered.mgf	*..*		:11056	29519	-1	0	200.113	1	0.895576	0	0	290.55	5459330.0	Sorbitol [M+NH4]+	MONA	temp/spectra_filtered.mgf153	-1	MONA.mgf	9728.77				9	0	1.94685	202.06	0	CCMSLIB00004702119
856	spectra_filtered.mgf	*..*		:2677	311	-1	0	297.241	1	0.894398	0	0	3119940.0	158407.0	Spectral Match to 12(13)-Epoxy-9Z-octadecenoic acid from NIST14 M+H	GNPS-NIST14-MATCHES	temp/spectra_filtered.mgf856	-1	GNPS-NIST14-MATCHES.mgf	3305.75				11	0	0.982605	296.258	0	CCMSLIB00003134797
415	spectra_filtered.mgf	*..*		:1791	3210	-1	0	249.206	1	0.893558	0	0	328538.0	182518.0	Spectral Match to Tri(propylene glycol) butyl ether from NIST14 M+H	GNPS-NIST14-MATCHES	temp/spectra_filtered.mgf415	-1	GNPS-NIST14-MATCHES.mgf	7942.28				6	0	1.97926	251.185	0	CCMSLIB00003137697
696	spectra_filtered.mgf	*..*		:17549	36012	-1	0	289.141	1	0.893282	0	0	280.592	132251.0	STROBILACTONE A [M+Na]+	MONA	temp/spectra_filtered.mgf696	-1	MONA.mgf	2944.41				7	0	0.851349	288.29	0	CCMSLIB00004708612
1182	spectra_filtered.mgf	*..*		:6670	7116	-1	0	391.284	0	0.893139	0	0	91935400.0	424753.0	DEHP CollisionEnergy:102040 M+H	BERKELEY-LAB	temp/spectra_filtered.mgf1182	-1	BERKELEY-LAB.mgf	147.174				7	0	0.0575867	391.342	0	CCMSLIB00010109104
1283	spectra_filtered.mgf	*..*		:3124	4	-1	0	338.23	1	0.89102	0	0	1108260.0	334848.0	3-hydroxylauroyl 2-aminopentanoic acid [M+Na]+ [M+Na]+	3-HYDROXY-ACYL-AMIDES-LIBRARY	temp/spectra_filtered.mgf1283	-1	3-HYDROXY-ACYL-AMIDES-LIBRARY.mgf	330.051				10	0	0.111633	338.342	0	CCMSLIB00013640800
946	spectra_filtered.mgf	*..*		:406	130	-1	0	371.1	1	0.890542	0	0	2493310.0	207263.0	CAMPTOTHECIN M+Na	LEAFBOT	temp/spectra_filtered.mgf946	-1	LEAFBOT.mgf	3.28942				9	0	0.0012207	371.101	0	CCMSLIB00011427902
1168	spectra_filtered.mgf	*..*		:2296	2928	-1	0	247.199	1	0.889198	0	0	7000.0	348657.0	Spectral Match to 5(Z),8(Z),11(Z)-Eicosatrienoic acid methyl ester from NIST14 247.2	GNPS-NIST14-MATCHES	temp/spectra_filtered.mgf1168	-1	GNPS-NIST14-MATCHES.mgf	174.193				9	0	0.0430603	247.242	0	CCMSLIB00003137415
895	spectra_filtered.mgf	*..*		:18379	18379	-1	0	338.146	1	0.889063	0	0	103.022	202963.0	Tecadenoson M+H	MCE-DRUG	temp/spectra_filtered.mgf895	-1	MCE-DRUG.mgf	5604.78				6	0	1.89523	336.251	0	CCMSLIB00010148103
1163	spectra_filtered.mgf	*..*		:12077	12523	-1	0	637.302	1	0.887178	0	0	4882030.0	228433.0	AC1L1X1Z CollisionEnergy:102040 M+Na	BERKELEY-LAB	temp/spectra_filtered.mgf1163	-1	BERKELEY-LAB.mgf	5.6505				11	0	0.00360107	637.306	0	CCMSLIB00010114511
862	spectra_filtered.mgf	*..*		:6834	6834	-1	0	263.237	1	0.884313	0	0	375149.0	468086.0	2,4,6-Tri-tert-butylphenol_CE30 M+H	WFSR-LIBRARY	temp/spectra_filtered.mgf862	-1	WFSR-LIBRARY.mgf	0.0				9	0	0.0	263.237	0	CCMSLIB00013940615
1191	spectra_filtered.mgf	*..*		:2135	5616	-1	0	293.247	1	0.884211	0	0	202891.0	207374.0	Spectral Match to 9Z,11E,13E-Octadecatrienoic acid methyl ester from NIST14 M+H	GNPS-NIST14-MATCHES	temp/spectra_filtered.mgf1191	-1	GNPS-NIST14-MATCHES.mgf	6748.38				8	0	1.97894	291.268	0	CCMSLIB00003140103
105	spectra_filtered.mgf	*..*		:9298	9298	-1	0	146.081	1	0.881471	0	0	375.246	4718660.0	Migalastat (Chimeric precursor selection) M+H	MCE-DRUG	temp/spectra_filtered.mgf105	-1	MCE-DRUG.mgf	7482.06				6	0	1.09299	144.988	0	CCMSLIB00010139022
1143	spectra_filtered.mgf	*..*		:2578	3297	-1	0	563.552	1	0.877485	0	0	5172120.0	30907700.0	Spectral Match to 9-Octadecenamide, (Z)- from NIST14 2M+H	GNPS-NIST14-MATCHES	temp/spectra_filtered.mgf1143	-1	GNPS-NIST14-MATCHES.mgf	1.19135				11	0	0.000671387	563.551	0	CCMSLIB00003137784
746	spectra_filtered.mgf	*..*		:3553	2768	-1	0	460.424	1	0.877285	0	0	617610.0	497973.0	spermidine-C20:1 M+Na	ECG-ACYL-AMIDES-C4-C24-LIBRARY	temp/spectra_filtered.mgf746	-1	ECG-ACYL-AMIDES-C4-C24-LIBRARY.mgf	335.782				6	0	0.154602	460.269	0	CCMSLIB00011436270
1186	spectra_filtered.mgf	*..*		:5269	3423	-1	0	331.285	1	0.876919	0	0	2556650.0	474103.0	Spectral Match to 1-Hexadecanoyl-sn-glycerol from NIST14 M+H	GNPS-NIST14-MATCHES	temp/spectra_filtered.mgf1186	-1	GNPS-NIST14-MATCHES.mgf	2.67145				11	0	0.00088501	331.284	0	CCMSLIB00003137910
1080	spectra_filtered.mgf	*..*		:4746	4925	-1	0	307.263	1	0.875942	0	0	1747170.0	173493.0	Spectral Match to 9Z,11E,13E-Octadecatrienoic acid ethyl ester from NIST14 M+H	GNPS-NIST14-MATCHES	temp/spectra_filtered.mgf1080	-1	GNPS-NIST14-MATCHES.mgf	3202.4				8	0	0.983978	306.279	0	CCMSLIB00003139412
1150	spectra_filtered.mgf	*..*		:4652	3896	-1	0	227.202	1	0.874357	0	0	636731.0	960854.0	Spectral Match to Myristoleic acid from NIST14 M+H	GNPS-NIST14-MATCHES	temp/spectra_filtered.mgf1150	-1	GNPS-NIST14-MATCHES.mgf	4336.63				8	0	0.985291	226.217	0	CCMSLIB00003138383
749	spectra_filtered.mgf	*..*		:1333	1333	-1	0	387.363	1	0.874342	0	0	17593.4	722838.0	Massbank: Cholesterol [M+H]+	MASSBANK	temp/spectra_filtered.mgf749	-1	MASSBANK.mgf	438.348				10	0	0.1698	387.193	0	CCMSLIB00000206073
1316	spectra_filtered.mgf	*..*		:1427	4499	-1	0	776.234	1	0.873833	0	0	63569300.0	515082.0	Contaminant vial septum ThermoFisher C5000-44B M+NH4	GNPS-LIBRARY	temp/spectra_filtered.mgf1316	-1	GNPS-LIBRARY.mgf	1.41534				16	0	0.00109863	776.233	0	CCMSLIB00005435824
807	spectra_filtered.mgf	*..*		:3553	2768	-1	0	460.424	1	0.873671	0	0	617610.0	1108690.0	spermidine-C20:1 M+Na	ECG-ACYL-AMIDES-C4-C24-LIBRARY	temp/spectra_filtered.mgf807	-1	ECG-ACYL-AMIDES-C4-C24-LIBRARY.mgf	335.716				6	0	0.154572	460.269	0	CCMSLIB00011436270
1146	spectra_filtered.mgf	*..*		:2296	2928	-1	0	247.199	1	0.872803	0	0	7000.0	9683250.0	Spectral Match to 5(Z),8(Z),11(Z)-Eicosatrienoic acid methyl ester from NIST14 247.2	GNPS-NIST14-MATCHES	temp/spectra_filtered.mgf1146	-1	GNPS-NIST14-MATCHES.mgf	174.069				9	0	0.0430298	247.242	0	CCMSLIB00003137415
1147	spectra_filtered.mgf	*..*		:4774	3163	-1	0	282.28	1	0.872485	0	0	1464660.0	230190000.0	Spectral Match to 9-Octadecenamide, (Z)- from NIST14 M+H	GNPS-NIST14-MATCHES	temp/spectra_filtered.mgf1147	-1	GNPS-NIST14-MATCHES.mgf	2.81089				8	0	0.000793457	282.279	0	CCMSLIB00003137650
1134	spectra_filtered.mgf	*..*		:2385	699	-1	0	157.122	0	0.871081	0	0	598437.0	72218.1	Spectral Match to 4-Hydroxynonenal from NIST14 M+H	GNPS-NIST14-MATCHES	temp/spectra_filtered.mgf1134	-1	GNPS-NIST14-MATCHES.mgf	6260.67				6	0	0.983688	156.138	0	CCMSLIB00003135185
621	spectra_filtered.mgf	*..*		:301	14162	-1	0	165.076	1	0.8704	0	0	73527700.0	316988.0	Mannitol M+H-H2O	GNPS-LIBRARY	temp/spectra_filtered.mgf621	-1	GNPS-LIBRARY.mgf	1.38652				6	0	0.000228882	165.076	0	CCMSLIB00012176426
130	spectra_filtered.mgf	*..*		:53456	130407	-1	0	233.093	1	0.870079	0	0	134.447	22656900.0	1955548-88-5 [M-H]-	MSNLIB-NEGATIVE	temp/spectra_filtered.mgf130	-1	MSNLIB-NEGATIVE.mgf	5063.31				6	0	1.18022	234.273	0	CCMSLIB00012837044
1043	spectra_filtered.mgf	*..*		:3119	918	-1	0	265.216	1	0.868732	0	0	1253890.0	9559920.0	Spectral Match to 12(S)-Hydroxy-16-heptadecynoic acid from NIST14 M+H-H2O	GNPS-NIST14-MATCHES	temp/spectra_filtered.mgf1043	-1	GNPS-NIST14-MATCHES.mgf	7461.63				6	0	1.97894	263.237	0	CCMSLIB00003135404
117	spectra_filtered.mgf	*..*		:1719	2165	-1	0	196.076	1	0.8675	0	0	287535.0	1037940.0	acridone CollisionEnergy:102040 M+H	BERKELEY-LAB	temp/spectra_filtered.mgf117	-1	BERKELEY-LAB.mgf	648.714				7	0	0.127197	195.949	0	CCMSLIB00010104153
1353	spectra_filtered.mgf	*..*		:1948	4809	-1	0	536.165	1	0.86621	0	0	422790.0	2055910.0	Contaminants septum vial Thermo C4000-53 and C4000-54 serie M+H	GNPS-LIBRARY	temp/spectra_filtered.mgf1353	-1	GNPS-LIBRARY.mgf	1.82138				13	0	0.000976562	536.166	0	CCMSLIB00005436264
888	spectra_filtered.mgf	*..*		:4652	3896	-1	0	227.202	1	0.865709	0	0	636731.0	841383.0	Spectral Match to Myristoleic acid from NIST14 M+H	GNPS-NIST14-MATCHES	temp/spectra_filtered.mgf888	-1	GNPS-NIST14-MATCHES.mgf	4337.37				8	0	0.985458	226.217	0	CCMSLIB00003138383
1183	spectra_filtered.mgf	*..*		:6670	7116	-1	0	391.284	0	0.865424	0	0	91935400.0	559358.0	DEHP CollisionEnergy:102040 M+H	BERKELEY-LAB	temp/spectra_filtered.mgf1183	-1	BERKELEY-LAB.mgf	147.018				7	0	0.0575256	391.342	0	CCMSLIB00010109104
970	spectra_filtered.mgf	*..*		:1072	1180	-1	0	243.21	0	0.865108	0	0	25666.7	73847.3	Spectral Match to 12(13)-Epoxy-9Z-octadecenoic acid from NIST14 243.2	GNPS-NIST14-MATCHES	temp/spectra_filtered.mgf970	-1	GNPS-NIST14-MATCHES.mgf	3.07422				7	0	0.000747681	243.211	0	CCMSLIB00003135666
852	spectra_filtered.mgf	*..*		:4025	2274	-1	0	277.216	1	0.863178	0	0	2754480.0	74525.5	Spectral Match to 13S-Hydroxy-9Z,11E,15Z-octadecatrienoic acid from NIST14 M+H-H2O	GNPS-NIST14-MATCHES	temp/spectra_filtered.mgf852	-1	GNPS-NIST14-MATCHES.mgf	0.770601				8	0	0.000213623	277.216	0	CCMSLIB00003136761
717	spectra_filtered.mgf	*..*		:1830	20293	-1	0	289.141	1	0.86219	0	0	443.142	114644.0	(4aR,5S)-9,9a-dihydroxy-3,4a,5-trimethyl-5,6,7,8,8a,9-hexahydro-4H-benzo[f][1]benzofuran-2-one [M+Na]+	MONA	temp/spectra_filtered.mgf717	-1	MONA.mgf	2944.41				7	0	0.851349	288.29	0	CCMSLIB00004692893
1257	spectra_filtered.mgf	*..*		:26426	1124	-1	0	359.32	1	0.861543	0	0	8889190.0	258170.0	Spectral Match to Glycerol 1-stearate from NIST14 M+H	GNPS-NIST14-MATCHES	temp/spectra_filtered.mgf1257	-1	GNPS-NIST14-MATCHES.mgf	12.4				9	0	0.00445557	359.316	0	CCMSLIB00003135610
1133	spectra_filtered.mgf	*..*		:4774	3163	-1	0	282.28	0	0.860365	0	0	1464660.0	37890200.0	Spectral Match to 9-Octadecenamide, (Z)- from NIST14 M+H	GNPS-NIST14-MATCHES	temp/spectra_filtered.mgf1133	-1	GNPS-NIST14-MATCHES.mgf	4154.81				8	0	1.17282	283.453	0	CCMSLIB00003137650
722	spectra_filtered.mgf	*..*		:3553	2768	-1	0	460.424	1	0.859185	0	0	617610.0	10549300.0	spermidine-C20:1 M+Na	ECG-ACYL-AMIDES-C4-C24-LIBRARY	temp/spectra_filtered.mgf722	-1	ECG-ACYL-AMIDES-C4-C24-LIBRARY.mgf	335.649				6	0	0.154541	460.269	0	CCMSLIB00011436270
721	spectra_filtered.mgf	*..*		:29308	29308	-1	0	415.214	1	0.858447	0	0	146.948	9665330.0	ITD-1 [M]+	MSNLIB-POSITIVE	temp/spectra_filtered.mgf721	-1	MSNLIB-POSITIVE.mgf	5.95337				6	0	0.00247192	415.212	0	CCMSLIB00012326306
1165	spectra_filtered.mgf	*..*		:4218	5408	-1	0	265.252	1	0.858305	0	0	1406980.0	84662.9	Spectral Match to 9-Octadecenamide, (Z)- from NIST14 M+H-NH3	GNPS-NIST14-MATCHES	temp/spectra_filtered.mgf1165	-1	GNPS-NIST14-MATCHES.mgf	3785.07				8	0	1.004	266.256	0	CCMSLIB00003139895
867	spectra_filtered.mgf	*..*		:16928	117367	-1	0	330.179	1	0.857654	0	0	365.592	208587.0	Z1517722710 [M+Na]+	MSNLIB-POSITIVE	temp/spectra_filtered.mgf867	-1	MSNLIB-POSITIVE.mgf	477.203				6	0	0.157562	330.337	0	CCMSLIB00012766668
145	spectra_filtered.mgf	*..*		:600	5710	-1	0	239.105	1	0.854763	0	0	690140.0	20971800.0	Spectral Match to 4-(2-Hydroxyethyl)piperazine-1-ethanesulfonic acid from NIST14 M+H	GNPS-NIST14-MATCHES	temp/spectra_filtered.mgf145	-1	GNPS-NIST14-MATCHES.mgf	2.04212				9	0	0.000488281	239.105	0	CCMSLIB00003140197
528	spectra_filtered.mgf	*..*		:2109	3963	-1	0	135.117	1	0.854177	0	0	105344.0	6260960.0	Spectral Match to .alpha.-Pinene oxide from NIST14 M+H-H2O	GNPS-NIST14-MATCHES	temp/spectra_filtered.mgf528	-1	GNPS-NIST14-MATCHES.mgf	269.903				6	0	0.0364685	135.081	0	CCMSLIB00003138450
581	spectra_filtered.mgf	*..*		:2109	3963	-1	0	135.117	1	0.852248	0	0	105344.0	1462320.0	Spectral Match to .alpha.-Pinene oxide from NIST14 M+H-H2O	GNPS-NIST14-MATCHES	temp/spectra_filtered.mgf581	-1	GNPS-NIST14-MATCHES.mgf	270.129				6	0	0.036499	135.081	0	CCMSLIB00003138450
25	spectra_filtered.mgf	*..*		:600	5710	-1	0	239.105	1	0.850935	0	0	690140.0	63037600.0	Spectral Match to 4-(2-Hydroxyethyl)piperazine-1-ethanesulfonic acid from NIST14 M+H	GNPS-NIST14-MATCHES	temp/spectra_filtered.mgf25	-1	GNPS-NIST14-MATCHES.mgf	3.06318				9	0	0.000732422	239.106	0	CCMSLIB00003140197
1137	spectra_filtered.mgf	*..*		:6012	2362	-1	0	282.279	1	0.850064	0	0	283986.0	29292500.0	Spectral Match to 9-Octadecenamide, (Z)- from NIST14 M+H	GNPS-NIST14-MATCHES	temp/spectra_filtered.mgf1137	-1	GNPS-NIST14-MATCHES.mgf	4149.64				10	0	1.17136	283.45	0	CCMSLIB00003136849
763	spectra_filtered.mgf	*..*		:34571	34571	-1	0	432.311	1	0.847543	0	0	204.33	21892200.0	glycodeoxycholic acid [M+H-H2O]+	MSNLIB-POSITIVE	temp/spectra_filtered.mgf763	-1	MSNLIB-POSITIVE.mgf	168.149				6	0	0.0726929	432.238	0	CCMSLIB00012336920
871	spectra_filtered.mgf	*..*		:1681	1958	-1	0	267.173	1	0.847107	0	0	34490.7	199435.0	Spectral Match to Tributyl phosphate from NIST14 M+H	GNPS-NIST14-MATCHES	temp/spectra_filtered.mgf871	-1	GNPS-NIST14-MATCHES.mgf	83.9547				6	0	0.0224304	267.195	0	CCMSLIB00003136445
643	spectra_filtered.mgf	*..*		:1815	3778	-1	0	227.164	1	0.847016	0	0	1655990.0	256230.0	Spectral Match to 1,11-Undecanedicarboxylic acid from NIST14 M+H-H2O	GNPS-NIST14-MATCHES	temp/spectra_filtered.mgf643	-1	GNPS-NIST14-MATCHES.mgf	4331.04				8	0	0.983856	226.18	0	CCMSLIB00003138265
926	spectra_filtered.mgf	*..*		:2996	860	-1	0	496.329	1	0.845128	0	0	5179180.0	159445.0	Spectral Match to Lyso-PC(16:0) from NIST14 M+H	GNPS-NIST14-MATCHES	temp/spectra_filtered.mgf926	-1	GNPS-NIST14-MATCHES.mgf	22.0737				6	0	0.0109558	496.34	0	CCMSLIB00003135346
977	spectra_filtered.mgf	*..*		:38	231	-1	0	155.043	1	0.843807	0	0	58969.1	303622.0	ASPARAGINE M+Na	GNPS-MSMLS	temp/spectra_filtered.mgf977	-1	GNPS-MSMLS.mgf	12589.7				6	0	1.95195	153.091	0	CCMSLIB00005463982
1121	spectra_filtered.mgf	*..*		:3455	21918	-1	0	213.097	1	0.843747	0	0	419.142	180375.0	Perseitol [M+H]+	MONA	temp/spectra_filtered.mgf1121	-1	MONA.mgf	8875.14				6	0	1.89127	211.206	0	CCMSLIB00004694518
1144	spectra_filtered.mgf	*..*		:6012	2362	-1	0	282.279	0	0.842817	0	0	283986.0	180601000.0	Spectral Match to 9-Octadecenamide, (Z)- from NIST14 M+H	GNPS-NIST14-MATCHES	temp/spectra_filtered.mgf1144	-1	GNPS-NIST14-MATCHES.mgf	1111.17				10	0	0.31366	281.965	0	CCMSLIB00003136849
708	spectra_filtered.mgf	*..*		:2	714	-1	0	422.172	1	0.841902	0	0	226652.0	7580500.0	TopotecanHCl M+H	GNPS-SELLECKCHEM-FDA-PART1	temp/spectra_filtered.mgf708	-1	GNPS-SELLECKCHEM-FDA-PART1.mgf	2025.41				7	0	0.855072	421.317	0	CCMSLIB00000004935
891	spectra_filtered.mgf	*..*		:2796	236	-1	0	279.232	1	0.841453	0	0	942813.0	56540.9	Spectral Match to 9(10)-EpOME from NIST14 M+H-H2O	GNPS-NIST14-MATCHES	temp/spectra_filtered.mgf891	-1	GNPS-NIST14-MATCHES.mgf	3524.31				7	0	0.9841	278.248	0	CCMSLIB00003134722
1056	spectra_filtered.mgf	*..*		:2411	5156	-1	0	281.248	1	0.839538	0	0	3176.0	5486390.0	Spectral Match to Conjugated linoleic Acid (10E,12Z) from NIST14 M+H	GNPS-NIST14-MATCHES	temp/spectra_filtered.mgf1056	-1	GNPS-NIST14-MATCHES.mgf	3500.24				10	0	0.984436	280.264	0	CCMSLIB00003139643
956	spectra_filtered.mgf	*..*		:2887	379	-1	0	279.232	1	0.838837	0	0	759178.0	4484790.0	gamma-Linolenic acid (known structural isomers: 0; isobaric peaks in run: 2) [M+H]+	CMMC-FOOD-BIOMARKERS	temp/spectra_filtered.mgf956	-1	CMMC-FOOD-BIOMARKERS.mgf	3524.31				8	0	0.9841	278.248	0	CCMSLIB00013576563
936	spectra_filtered.mgf	*..*		:24348	24348	-1	0	358.368	1	0.838499	0	0	364.715	106918.0	Stearyldiethanolamine [M+H]+	MSNLIB-POSITIVE	temp/spectra_filtered.mgf936	-1	MSNLIB-POSITIVE.mgf	0.170314				6	0	6.10352e-05	358.368	0	CCMSLIB00012316042
663	spectra_filtered.mgf	*..*		:1018	937	-1	0	255.157	1	0.83635	0	0	1377020.0	189553.0	acetic_acid_isobutyl_ester 2M+Na	GNPS-NUTRI-METAB-FEM-POS	temp/spectra_filtered.mgf663	-1	GNPS-NUTRI-METAB-FEM-POS.mgf	8.07321				7	0	0.00205994	255.159	0	CCMSLIB00006673889
848	spectra_filtered.mgf	*..*		:2761	1443	-1	0	201.187	1	0.835956	0	0	8665.25	112330.0	Spectral Match to Dodecanoic acid from NIST14 M+H	GNPS-NIST14-MATCHES	temp/spectra_filtered.mgf848	-1	GNPS-NIST14-MATCHES.mgf	4901.1				6	0	0.986038	200.201	0	CCMSLIB00003135930
120	spectra_filtered.mgf	*..*		:88534	88534	-1	0	225.11	1	0.834265	0	0	124.456	1141250.0	Nonactinic acid [M+Na]+	MSNLIB-POSITIVE	temp/spectra_filtered.mgf120	-1	MSNLIB-POSITIVE.mgf	444.187				6	0	0.0999908	225.01	0	CCMSLIB00012439786
1038	spectra_filtered.mgf	*..*		:2779	343	-1	0	199.169	1	0.833714	0	0	133402.0	330009.0	Delta-Dodecalactone (known structural isomers: 0; isobaric peaks in run: 4) [M+H]+	CMMC-FOOD-BIOMARKERS	temp/spectra_filtered.mgf1038	-1	CMMC-FOOD-BIOMARKERS.mgf	4938.89				6	0	0.983673	198.185	0	CCMSLIB00013576516
967	spectra_filtered.mgf	*..*		:2255	326	-1	0	279.231	1	0.833143	0	0	1008200.0	2182180.0	Spectral Match to 9(10)-EpOME from NIST14 M+H-H2O	GNPS-NIST14-MATCHES	temp/spectra_filtered.mgf967	-1	GNPS-NIST14-MATCHES.mgf	3520.72				8	0	0.983093	278.248	0	CCMSLIB00003134812
781	spectra_filtered.mgf	*..*		:2796	236	-1	0	279.232	1	0.832803	0	0	942813.0	52377.6	Spectral Match to 9(10)-EpOME from NIST14 M+H-H2O	GNPS-NIST14-MATCHES	temp/spectra_filtered.mgf781	-1	GNPS-NIST14-MATCHES.mgf	3524.42				7	0	0.984131	278.248	0	CCMSLIB00003134722
791	spectra_filtered.mgf	*..*		:2255	326	-1	0	279.231	1	0.83228	0	0	1008200.0	456728.0	Spectral Match to 9(10)-EpOME from NIST14 M+H-H2O	GNPS-NIST14-MATCHES	temp/spectra_filtered.mgf791	-1	GNPS-NIST14-MATCHES.mgf	3520.72				8	0	0.983093	278.248	0	CCMSLIB00003134812
1042	spectra_filtered.mgf	*..*		:3168	3168	-1	0	247.0	1	0.831749	0	0	592.682	1035420.0	MoNA:2479447 O-Galactosylsphingosine M+H	MONA	temp/spectra_filtered.mgf1042	-1	MONA.mgf	7180.53				10	0	1.77359	245.226	0	CCMSLIB00000565916
675	spectra_filtered.mgf	*..*		:35474	47473	-1	0	274.274	1	0.831443	0	0	15367300.0	453734.0	Massbank:LU030804 Lauryldiethanolamine|2-[dodecyl(2-hydroxyethyl)amino]ethanol M+H	MASSBANK	temp/spectra_filtered.mgf675	-1	MASSBANK.mgf	3656.89				6	0	1.00299	275.277	0	CCMSLIB00005761025
984	spectra_filtered.mgf	*..*		:2887	379	-1	0	279.232	1	0.829928	0	0	759178.0	576069.0	gamma-Linolenic acid (known structural isomers: 0; isobaric peaks in run: 2) [M+H]+	CMMC-FOOD-BIOMARKERS	temp/spectra_filtered.mgf984	-1	CMMC-FOOD-BIOMARKERS.mgf	3524.31				9	0	0.9841	278.248	0	CCMSLIB00013576563
683	spectra_filtered.mgf	*..*		:27596	48577	-1	0	288.121	0	0.829919	0	0	304.828	108145.0	ANISOMYCIN [M+Na]+	MONA	temp/spectra_filtered.mgf683	-1	MONA.mgf	585.416				7	0	0.168671	288.29	0	CCMSLIB00004721177
252	spectra_filtered.mgf	*..*		:918	4951	-1	0	163.039	1	0.825477	0	0	56824.0	886008.0	Spectral Match to Rosmarinic acid from NIST14 M+H-C9H10O5	GNPS-NIST14-MATCHES	temp/spectra_filtered.mgf252	-1	GNPS-NIST14-MATCHES.mgf	0.0				6	0	0.0	163.039	0	CCMSLIB00003139438
1015	spectra_filtered.mgf	*..*		:3206	1293	-1	0	237.221	1	0.825204	0	0	1088870.0	53975.9	Spectral Match to cis-9-Hexadecenoic acid from NIST14 M+H-H2O	GNPS-NIST14-MATCHES	temp/spectra_filtered.mgf1015	-1	GNPS-NIST14-MATCHES.mgf	1.41511				7	0	0.000335693	237.221	0	CCMSLIB00003135779
799	spectra_filtered.mgf	*..*		:2255	326	-1	0	279.231	1	0.824077	0	0	1008200.0	897612.0	Spectral Match to 9(10)-EpOME from NIST14 M+H-H2O	GNPS-NIST14-MATCHES	temp/spectra_filtered.mgf799	-1	GNPS-NIST14-MATCHES.mgf	3520.72				8	0	0.983093	278.248	0	CCMSLIB00003134812
883	spectra_filtered.mgf	*..*		:9983	9983	-1	0	456.194	1	0.823717	0	0	49174.2	423773.0	PD162854 [CCS=203.2808837890625] [M+H]+	GNPS-ION-MOBILITY-LIBRARY	temp/spectra_filtered.mgf883	-1	GNPS-ION-MOBILITY-LIBRARY.mgf	2333.6				8	0	1.06458	457.259	0	CCMSLIB00016221466
1051	spectra_filtered.mgf	*..*		:3108	5380	-1	0	255.23	1	0.822272	0	0	131402.0	62897.1	Spectral Match to DL-.beta.-Hydroxypalmitic acid from NIST14 M+H-H2O	GNPS-NIST14-MATCHES	temp/spectra_filtered.mgf1051	-1	GNPS-NIST14-MATCHES.mgf	3847.73				9	0	0.982056	254.248	0	CCMSLIB00003139867
814	spectra_filtered.mgf	*..*		:2796	236	-1	0	279.232	1	0.821016	0	0	942813.0	588409.0	Spectral Match to 9(10)-EpOME from NIST14 M+H-H2O	GNPS-NIST14-MATCHES	temp/spectra_filtered.mgf814	-1	GNPS-NIST14-MATCHES.mgf	3524.31				7	0	0.9841	278.248	0	CCMSLIB00003134722
1059	spectra_filtered.mgf	*..*		:3168	3168	-1	0	247.0	1	0.820512	0	0	592.682	186418.0	MoNA:2479447 O-Galactosylsphingosine M+H	MONA	temp/spectra_filtered.mgf1059	-1	MONA.mgf	7180.65				9	0	1.77362	245.226	0	CCMSLIB00000565916
107	spectra_filtered.mgf	*..*		:26612	46478	-1	0	144.066	1	0.818396	0	0	308.115	5623890.0	4-Hydroxy-6-Methylpyran-2-One [M+NH4]+	MONA	temp/spectra_filtered.mgf107	-1	MONA.mgf	13472.4				8	0	1.94092	146.007	0	CCMSLIB00004719078
957	spectra_filtered.mgf	*..*		:1654	1797	-1	0	243.211	1	0.817343	0	0	58298.0	121984.0	Spectral Match to 9(10)-EpOME from NIST14 243.2	GNPS-NIST14-MATCHES	temp/spectra_filtered.mgf957	-1	GNPS-NIST14-MATCHES.mgf	1.1293				7	0	0.000274658	243.211	0	CCMSLIB00003136284
1169	spectra_filtered.mgf	*..*		:2578	3297	-1	0	563.552	1	0.81611	0	0	5172120.0	232405.0	Spectral Match to 9-Octadecenamide, (Z)- from NIST14 2M+H	GNPS-NIST14-MATCHES	temp/spectra_filtered.mgf1169	-1	GNPS-NIST14-MATCHES.mgf	0.866435				9	0	0.000488281	563.552	0	CCMSLIB00003137784
860	spectra_filtered.mgf	*..*		:3168	3168	-1	0	247.0	1	0.815685	0	0	592.682	180594.0	MoNA:2479447 O-Galactosylsphingosine M+H	MONA	temp/spectra_filtered.mgf860	-1	MONA.mgf	7180.71				10	0	1.77364	245.226	0	CCMSLIB00000565916
241	spectra_filtered.mgf	*..*		:918	4951	-1	0	163.039	1	0.814567	0	0	56824.0	737879.0	Spectral Match to Rosmarinic acid from NIST14 M+H-C9H10O5	GNPS-NIST14-MATCHES	temp/spectra_filtered.mgf241	-1	GNPS-NIST14-MATCHES.mgf	0.0				6	0	0.0	163.039	0	CCMSLIB00003139438
1090	spectra_filtered.mgf	*..*		:4558	5483	-1	0	307.262	1	0.811304	0	0	480367.0	163226.0	Spectral Match to cis-5,8,11-Eicosatrienoic acid from NIST14 M+H	GNPS-NIST14-MATCHES	temp/spectra_filtered.mgf1090	-1	GNPS-NIST14-MATCHES.mgf	3199.03				8	0	0.982941	306.279	0	CCMSLIB00003139970
109	spectra_filtered.mgf	*..*		:43596	43596	-1	0	154.05	1	0.810407	0	0	29.8	216980.0	1-methyl-6-oxo-1,6-dihydropyridine-3-carboxylic acid [M+H]+	MSNLIB-POSITIVE	temp/spectra_filtered.mgf109	-1	MSNLIB-POSITIVE.mgf	12601.1				6	0	1.94119	155.991	0	CCMSLIB00012355090
1216	spectra_filtered.mgf	*..*		:3144	709	-1	0	338.23	1	0.808105	0	0	825717.0	130931.0	3-hydroxylauroyl valine [M+Na]+ [M+Na]+	3-HYDROXY-ACYL-AMIDES-LIBRARY	temp/spectra_filtered.mgf1216	-1	3-HYDROXY-ACYL-AMIDES-LIBRARY.mgf	329.871				8	0	0.111572	338.342	0	CCMSLIB00013641540
1160	spectra_filtered.mgf	*..*		:6012	2362	-1	0	282.279	1	0.806548	0	0	283986.0	39831100.0	Spectral Match to 9-Octadecenamide, (Z)- from NIST14 M+H	GNPS-NIST14-MATCHES	temp/spectra_filtered.mgf1160	-1	GNPS-NIST14-MATCHES.mgf	4153.53				10	0	1.17245	283.451	0	CCMSLIB00003136849
1210	spectra_filtered.mgf	*..*		:2518	317	-1	0	297.278	1	0.802591	0	0	980658.0	1421030.0	Spectral Match to Phytomonic acid from NIST14 M+H	GNPS-NIST14-MATCHES	temp/spectra_filtered.mgf1210	-1	GNPS-NIST14-MATCHES.mgf	3307.6				11	0	0.983276	296.295	0	CCMSLIB00003134803
1312	spectra_filtered.mgf	*..*		:7852	26315	-1	0	685.174	1	0.802436	0	0	603.568	510585.0	7-[(2S,3R,4S,5S,6R)-4,5-dihydroxy-3-[(2R,3R,4R,5R,6S)-3,4,5-trihydroxy-6-methyloxan-2-yl]oxy-6-[[(2R,3R,4R,5R,6S)-3,4,5-trihydroxy-6-methyloxan-2-yl]oxymethyl]oxan-2-yl]oxy-6-methoxychromen-2-one [M+K]+	MONA	temp/spectra_filtered.mgf1312	-1	MONA.mgf	1416.55				13	0	0.970581	684.203	0	CCMSLIB00004698915
1044	spectra_filtered.mgf	*..*		:5902	5902	-1	0	211.0	1	0.802064	0	0	259755.0	303450.0	Acibenzolar-S-Methyl_CE15 M+H	WFSR-LIBRARY	temp/spectra_filtered.mgf1044	-1	WFSR-LIBRARY.mgf	3860.98				7	0	0.814667	210.185	0	CCMSLIB00013939683
1204	spectra_filtered.mgf	*..*		:1406	4504	-1	0	552.197	1	0.80084	0	0	514612.0	270474.0	Contaminant vial septum ThermoFisher C5000-44B M+H	GNPS-LIBRARY	temp/spectra_filtered.mgf1204	-1	GNPS-LIBRARY.mgf	3584.65				11	0	1.97943	554.176	0	CCMSLIB00005435829
1249	spectra_filtered.mgf	*..*		:20	282	-1	0	145.047	1	0.796109	0	0	397558.0	857289.0	ERYTHRITOL M+Na	GNPS-MSMLS	temp/spectra_filtered.mgf1249	-1	GNPS-MSMLS.mgf	7501.0				6	0	1.088	143.959	0	CCMSLIB00005464033
976	spectra_filtered.mgf	*..*		:2109	3963	-1	0	135.117	1	0.795779	0	0	105344.0	82762.2	Spectral Match to .alpha.-Pinene oxide from NIST14 M+H-H2O	GNPS-NIST14-MATCHES	temp/spectra_filtered.mgf976	-1	GNPS-NIST14-MATCHES.mgf	269.903				6	0	0.0364685	135.081	0	CCMSLIB00003138450
997	spectra_filtered.mgf	*..*		:3192	1670	-1	0	255.232	1	0.795386	0	0	243558.0	47779600.0	Spectral Match to Palmitelaidic acid from NIST14 M+H	GNPS-NIST14-MATCHES	temp/spectra_filtered.mgf997	-1	GNPS-NIST14-MATCHES.mgf	3855.71				8	0	0.9841	254.248	0	CCMSLIB00003136157
186	spectra_filtered.mgf	*..*		:20	282	-1	0	145.047	1	0.791261	0	0	397558.0	220930.0	ERYTHRITOL M+Na	GNPS-MSMLS	temp/spectra_filtered.mgf186	-1	GNPS-MSMLS.mgf	7500.37				6	0	1.08791	143.959	0	CCMSLIB00005464033
1234	spectra_filtered.mgf	*..*		:20	282	-1	0	145.047	1	0.791069	0	0	397558.0	872848.0	ERYTHRITOL M+Na	GNPS-MSMLS	temp/spectra_filtered.mgf1234	-1	GNPS-MSMLS.mgf	7501.0				6	0	1.088	143.959	0	CCMSLIB00005464033
1072	spectra_filtered.mgf	*..*		:10729	29192	-1	0	447.105	1	0.787126	0	0	359.751	335378.0	(1S,3R,6R,7S,8S,10R,13S,16S,17R)-8-tert-butyl-6,17-dihydroxy-16-methyl-2,4,14,19-tetraoxahexacyclo[8.7.2.0,.0,?.0?,.0,?]nonadecane-5,15,18-trione [M+K]+	MONA	temp/spectra_filtered.mgf1072	-1	MONA.mgf	4439.44				11	0	1.98489	445.12	0	CCMSLIB00004701792
904	spectra_filtered.mgf	*..*		:3878	22341	-1	0	404.207	1	0.787043	0	0	198.739	175871.0	eudesmin [M+NH4]+	MONA	temp/spectra_filtered.mgf904	-1	MONA.mgf	4574.92				6	0	1.84921	402.358	0	CCMSLIB00004694941
989	spectra_filtered.mgf	*..*		:3107	20754	-1	0	501.365	1	0.779323	0	0	22283.5	203281.0	UCA_4-aminopyridine [CCS=227.9246063232422] [M+NH4]+	GNPS-ION-MOBILITY-LIBRARY	temp/spectra_filtered.mgf989	-1	GNPS-ION-MOBILITY-LIBRARY.mgf	2012.69				10	0	1.00909	502.374	0	CCMSLIB00017430170
210	spectra_filtered.mgf	*..*		:21	198	-1	0	257.147	1	0.778137	0	0	4072860.0	2850010.0	BETAINE 2M+Na	GNPS-MSMLS	temp/spectra_filtered.mgf210	-1	GNPS-MSMLS.mgf	3901.41				7	0	1.00323	258.15	0	CCMSLIB00005463949
204	spectra_filtered.mgf	*..*		:21	198	-1	0	257.147	1	0.776553	0	0	4072860.0	2212920.0	BETAINE 2M+Na	GNPS-MSMLS	temp/spectra_filtered.mgf204	-1	GNPS-MSMLS.mgf	3901.88				6	0	1.00336	258.15	0	CCMSLIB00005463949
118	spectra_filtered.mgf	*..*		:18440	118879	-1	0	217.108	1	0.774087	0	0	256.027	1140440.0	Z509568846 [M+H-2H2O]+	MSNLIB-POSITIVE	temp/spectra_filtered.mgf118	-1	MSNLIB-POSITIVE.mgf	430.899				6	0	0.0935516	217.014	0	CCMSLIB00012769292
1231	spectra_filtered.mgf	*..*		:1120	893	-1	0	311.257	1	0.772832	0	0	651644.0	3567560.0	Spectral Match to Monopalmitolein (9c) from NIST14 M+H-H2O	GNPS-NIST14-MATCHES	temp/spectra_filtered.mgf1231	-1	GNPS-NIST14-MATCHES.mgf	3041.3				9	0	0.946625	310.31	0	CCMSLIB00003135379
230	spectra_filtered.mgf	*..*		:1411	128	-1	0	283.175	1	0.77229	0	0	25620800.0	527099.0	Spectral Match to Hexaethylene glycol from NIST14 M+H	GNPS-NIST14-MATCHES	temp/spectra_filtered.mgf230	-1	GNPS-NIST14-MATCHES.mgf	3643.36				7	0	1.03171	284.207	0	CCMSLIB00003134614
1125	spectra_filtered.mgf	*..*		:9077	9077	-1	0	166.981	1	0.771858	0	0	163.9	64632.7	Tioxolone [M-H]-	MSNLIB-NEGATIVE	temp/spectra_filtered.mgf1125	-1	MSNLIB-NEGATIVE.mgf	11409.5				6	0	1.90517	165.076	0	CCMSLIB00012301464
1041	spectra_filtered.mgf	*..*		:5206	5206	-1	0	281.247	1	0.77089	0	0	476.055	57946600.0	MoNA:790536 Linoleic acid M+H	MONA	temp/spectra_filtered.mgf1041	-1	MONA.mgf	3496.56				10	0	0.983398	280.264	0	CCMSLIB00000567955
1129	spectra_filtered.mgf	*..*		:5494	4427	-1	0	282.279	1	0.770444	0	0	166485.0	39732900.0	Spectral Match to 9-Octadecenamide, (Z)- from NIST14 M+H	GNPS-NIST14-MATCHES	temp/spectra_filtered.mgf1129	-1	GNPS-NIST14-MATCHES.mgf	4181.86				7	0	1.18045	283.459	0	CCMSLIB00003138914
836	spectra_filtered.mgf	*..*		:5206	5206	-1	0	281.247	1	0.770411	0	0	476.055	370012.0	MoNA:790536 Linoleic acid M+H	MONA	temp/spectra_filtered.mgf836	-1	MONA.mgf	3497.0				10	0	0.983521	280.263	0	CCMSLIB00000567955
804	spectra_filtered.mgf	*..*		:30305	30305	-1	0	316.321	1	0.7695	0	0	172.829	97150.8	METHYL STEARATE [M+NH4]+	MSNLIB-POSITIVE	temp/spectra_filtered.mgf804	-1	MSNLIB-POSITIVE.mgf	0.28943				6	0	9.15527e-05	316.321	0	CCMSLIB00012328316
192	spectra_filtered.mgf	*..*		:21	198	-1	0	257.147	1	0.768981	0	0	4072860.0	2702320.0	BETAINE 2M+Na	GNPS-MSMLS	temp/spectra_filtered.mgf192	-1	GNPS-MSMLS.mgf	3901.88				7	0	1.00336	258.15	0	CCMSLIB00005463949
850	spectra_filtered.mgf	*..*		:16	16	-1	0	281.247	1	0.768297	0	0	5067.0	120889.0	linoleic acid [M+H]+	GNPS-SCIEX-LIBRARY	temp/spectra_filtered.mgf850	-1	GNPS-SCIEX-LIBRARY.mgf	3497.0				12	0	0.983521	280.263	0	CCMSLIB00006581640
1181	spectra_filtered.mgf	*..*		:3697	1805	-1	0	270.279	1	0.76546	0	0	8196020.0	294855.0	amylamine-C12:0 M+H	ECG-ACYL-AMIDES-C4-C24-LIBRARY	temp/spectra_filtered.mgf1181	-1	ECG-ACYL-AMIDES-C4-C24-LIBRARY.mgf	3712.3				9	0	1.00336	271.282	0	CCMSLIB00011435259
861	spectra_filtered.mgf	*..*		:5206	5206	-1	0	281.247	1	0.763464	0	0	476.055	3465920.0	MoNA:790536 Linoleic acid M+H	MONA	temp/spectra_filtered.mgf861	-1	MONA.mgf	3496.89				10	0	0.98349	280.264	0	CCMSLIB00000567955
1028	spectra_filtered.mgf	*..*		:3192	1670	-1	0	255.232	1	0.763422	0	0	243558.0	209738.0	Spectral Match to Palmitelaidic acid from NIST14 M+H	GNPS-NIST14-MATCHES	temp/spectra_filtered.mgf1028	-1	GNPS-NIST14-MATCHES.mgf	3855.59				8	0	0.98407	254.248	0	CCMSLIB00003136157
180	spectra_filtered.mgf	*..*		:197751	197751	-1	0	275.09	1	0.761072	0	0	2122.0	5297840.0	Phloretin [M+H]+	BMDMS-NP	temp/spectra_filtered.mgf180	-1	BMDMS-NP.mgf	7157.41				7	0	1.96893	273.121	0	CCMSLIB00006552051
194	spectra_filtered.mgf	*..*		:197751	197751	-1	0	275.09	1	0.761039	0	0	2122.0	8345690.0	Phloretin [M+H]+	BMDMS-NP	temp/spectra_filtered.mgf194	-1	BMDMS-NP.mgf	7157.41				6	0	1.96893	273.121	0	CCMSLIB00006552051
894	spectra_filtered.mgf	*..*		:5704	17703	-1	0	281.247	1	0.760944	0	0	1011200.0	129953.0	Massbank:EQ331603 Linoleic acid|(9Z,12Z)-octadeca-9,12-dienoic acid M+H	MASSBANK	temp/spectra_filtered.mgf894	-1	MASSBANK.mgf	3496.89				8	0	0.98349	280.264	0	CCMSLIB00005731255
672	spectra_filtered.mgf	*..*		:1118	19581	-1	0	287.104	0	0.757872	0	0	332.996	68719.6	2-[[(2R,3S)-2-(3,4-dihydroxyphenyl)-3,5-dihydroxy-3,4-dihydro-2H-chromen-7-yl]oxy]oxane-3,4,5-triol [M+K]+	MONA	temp/spectra_filtered.mgf672	-1	MONA.mgf	4128.69				6	0	1.18536	288.289	0	CCMSLIB00004692181
644	spectra_filtered.mgf	*..*		:1013	1013	-1	0	245.175	0	0.757253	0	0	22802900.0	126458.0	Brassylic acid - 40.0 eV M+H	BIRMINGHAM-UHPLC-MS-POS	temp/spectra_filtered.mgf644	-1	BIRMINGHAM-UHPLC-MS-POS.mgf	4013.81				8	0	0.984085	244.191	0	CCMSLIB00006114412
1082	spectra_filtered.mgf	*..*		:3476	483	-1	0	376.318	1	0.753103	0	0	47100.6	251100.0	3-hydroxyhexadecanoyl phenethylamine [M+H]+ [M+H]+	3-HYDROXY-ACYL-AMIDES-LIBRARY	temp/spectra_filtered.mgf1082	-1	3-HYDROXY-ACYL-AMIDES-LIBRARY.mgf	2678.98				6	0	1.00815	377.326	0	CCMSLIB00013641307
270	spectra_filtered.mgf	*..*		:4477	4477	-1	0	164.995	0	0.753081	0	0	372111.0	126886.0	4-HYDROXY-6-METHYLPYRAN-2-ONE [M+K]+	DMIM-DRUG-METABOLITE-LIBRARY	temp/spectra_filtered.mgf270	-1	DMIM-DRUG-METABOLITE-LIBRARY.mgf	11855.0				6	0	1.95601	163.039	0	CCMSLIB00012469499
1154	spectra_filtered.mgf	*..*		:6012	2362	-1	0	282.279	1	0.750132	0	0	283986.0	14468400.0	Spectral Match to 9-Octadecenamide, (Z)- from NIST14 M+H	GNPS-NIST14-MATCHES	temp/spectra_filtered.mgf1154	-1	GNPS-NIST14-MATCHES.mgf	3551.46				9	0	1.0025	283.281	0	CCMSLIB00003136849
694	spectra_filtered.mgf	*..*		:2687	4532	-1	0	275.201	1	0.749906	0	0	331150.0	152934.0	Spectral Match to 9-OxoOTrE from NIST14 M+H-H2O	GNPS-NIST14-MATCHES	temp/spectra_filtered.mgf694	-1	GNPS-NIST14-MATCHES.mgf	1.4416				7	0	0.000396729	275.201	0	CCMSLIB00003139019
1175	spectra_filtered.mgf	*..*		:2075	4135	-1	0	249.257	1	0.749528	0	0	822224.0	171665.0	Spectral Match to cis,cis-9,12-Octadecadien-1-ol from NIST14 M+H-H2O	GNPS-NIST14-MATCHES	temp/spectra_filtered.mgf1175	-1	GNPS-NIST14-MATCHES.mgf	7943.47				9	0	1.97997	251.237	0	CCMSLIB00003138622
951	spectra_filtered.mgf	*..*		:3121	131	-1	0	280.225	1	0.749231	0	0	55885.2	139259.0	3-hydroxydecanoyl amylamine [M+Na]+ [M+Na]+	3-HYDROXY-ACYL-AMIDES-LIBRARY	temp/spectra_filtered.mgf951	-1	3-HYDROXY-ACYL-AMIDES-LIBRARY.mgf	137.546				8	0	0.0385437	280.264	0	CCMSLIB00013640932
15	spectra_filtered.mgf	*..*		:21	659	-1	0	215.053	1	0.74877	0	0	159930.0	7809280.0	QUINATE M+Na	GNPS-MSMLS	temp/spectra_filtered.mgf15	-1	GNPS-MSMLS.mgf	629.43				6	0	0.135361	214.918	0	CCMSLIB00005464410
1348	spectra_filtered.mgf	*..*		:16030	34493	-1	0	849.403	1	0.745635	0	0	577.294	287077.0	(2S,3S,4S,5R,6R)-6-[[(3S,4R,6aR,6bS,8aS,14bR)-4-(hydroxymethyl)-4,6a,6b,11,11,14b-hexamethyl-8a-[(2S,3R,4S,5S,6R)-3,4,5-trihydroxy-6-(hydroxymethyl)oxan-2-yl]oxycarbonyl-1,2,3,4a,5,6,7,8,9,10,12,12a,14,14a-tetradecahydropicen-3-yl]oxy]-3,4,5-trihydroxyoxane-2-carboxylic acid [M+K]+	MONA	temp/spectra_filtered.mgf1348	-1	MONA.mgf	999.093				11	0	0.848633	850.252	0	CCMSLIB00004707093
1178	spectra_filtered.mgf	*..*		:3697	1805	-1	0	270.279	1	0.745133	0	0	8196020.0	3380490.0	amylamine-C12:0 M+H	ECG-ACYL-AMIDES-C4-C24-LIBRARY	temp/spectra_filtered.mgf1178	-1	ECG-ACYL-AMIDES-C4-C24-LIBRARY.mgf	0.677468				10	0	0.000183105	270.279	0	CCMSLIB00011435259
971	spectra_filtered.mgf	*..*		:1804	10099	-1	0	183.086	0	0.740883	0	0	229126.0	348009.0	MANNITOL - 30.0 eV M+H	GNPS-LIBRARY	temp/spectra_filtered.mgf971	-1	GNPS-LIBRARY.mgf	482.885				6	0	0.0884094	183.174	0	CCMSLIB00005884957
868	spectra_filtered.mgf	*..*		:3287	5625	-1	0	293.211	1	0.732952	0	0	708085.0	81404.8	Spectral Match to 9-OxoOTrE from NIST14 M+H	GNPS-NIST14-MATCHES	temp/spectra_filtered.mgf868	-1	GNPS-NIST14-MATCHES.mgf	0.0				7	0	0.0	293.211	0	CCMSLIB00003140112
1173	spectra_filtered.mgf	*..*		:1804	10099	-1	0	183.086	0	0.73081	0	0	229126.0	301036.0	MANNITOL - 30.0 eV M+H	GNPS-LIBRARY	temp/spectra_filtered.mgf1173	-1	GNPS-LIBRARY.mgf	2.08355				6	0	0.00038147	183.086	0	CCMSLIB00005884957
159	spectra_filtered.mgf	*..*		:76935	76935	-1	0	447.187	1	0.728185	0	0	141.036	283332.0	CHEBI:181631 [M+FA]-	MSNLIB-NEGATIVE	temp/spectra_filtered.mgf159	-1	MSNLIB-NEGATIVE.mgf	4317.69				8	0	1.93082	449.118	0	CCMSLIB00012434244
1011	spectra_filtered.mgf	*..*		:6996	7442	-1	0	157.086	1	0.726577	0	0	5331480.0	461999.0	Octanedioic acid CollisionEnergy:102040 M+H-H2O	BERKELEY-LAB	temp/spectra_filtered.mgf1011	-1	BERKELEY-LAB.mgf	12600.2				6	0	1.97931	155.107	0	CCMSLIB00010109430
11	spectra_filtered.mgf	*..*		:21	659	-1	0	215.053	1	0.726086	0	0	159930.0	346627.0	QUINATE M+Na	GNPS-MSMLS	temp/spectra_filtered.mgf11	-1	GNPS-MSMLS.mgf	8823.93				6	0	1.89761	216.951	0	CCMSLIB00005464410
20	spectra_filtered.mgf	*..*		:600	5710	-1	0	239.105	1	0.724703	0	0	690140.0	2493160.0	Spectral Match to 4-(2-Hydroxyethyl)piperazine-1-ethanesulfonic acid from NIST14 M+H	GNPS-NIST14-MATCHES	temp/spectra_filtered.mgf20	-1	GNPS-NIST14-MATCHES.mgf	4198.47				7	0	1.00388	240.109	0	CCMSLIB00003140197
541	spectra_filtered.mgf	*..*		:94448	94448	-1	0	283.104	1	0.723597	0	0	132.044	219445.0	NCGC00380780-01 [M+H]+	MSNLIB-POSITIVE	temp/spectra_filtered.mgf541	-1	MSNLIB-POSITIVE.mgf	6942.95				7	0	1.96558	281.138	0	CCMSLIB00012445700
823	spectra_filtered.mgf	*..*		:45486	45486	-1	0	316.152	1	0.723444	0	0	439.122	60091.0	Defensamide [M+Na]+	MSNLIB-POSITIVE	temp/spectra_filtered.mgf823	-1	MSNLIB-POSITIVE.mgf	534.283				6	0	0.168915	316.321	0	CCMSLIB00012358877
742	spectra_filtered.mgf	*..*		:1747	766	-1	0	277.215	1	0.72109	0	0	5468650.0	73267.0	Spectral Match to 13-Keto-9Z,11E-octadecadienoic acid from NIST14 M+H-H2O	GNPS-NIST14-MATCHES	temp/spectra_filtered.mgf742	-1	GNPS-NIST14-MATCHES.mgf	3545.11				8	0	0.982758	276.232	0	CCMSLIB00003135252
1337	spectra_filtered.mgf	*..*		:85379	185818	-1	0	151.087	1	0.721007	0	0	210.755	311938.0	50920-49-5 [M+H-H2O]+	MSNLIB-POSITIVE	temp/spectra_filtered.mgf1337	-1	MSNLIB-POSITIVE.mgf	6515.29				6	0	0.984375	150.103	0	CCMSLIB00012917566
955	spectra_filtered.mgf	*..*		:2483	6924	-1	0	261.222	1	0.718223	0	0	172200.0	327262.0	NCGC00381425-01!8-hydroxy-8-(3-octyloxiran-2-yl)octanoic acid [IIN-based on: CCMSLIB00000846585] [M-3H2O+H]+	GNPS-NIH-NATURALPRODUCTSLIBRARY_ROUND2_POSITIVE	temp/spectra_filtered.mgf955	-1	GNPS-NIH-NATURALPRODUCTSLIBRARY_ROUND2_POSITIVE.mgf	2.45335				10	0	0.000640869	261.221	0	CCMSLIB00005722220
1017	spectra_filtered.mgf	*..*		:38184	38184	-1	0	278.284	1	0.718151	0	0	150.749	77362.2	PERHEXILINE [M+H]+	MSNLIB-POSITIVE	temp/spectra_filtered.mgf1017	-1	MSNLIB-POSITIVE.mgf	7113.32				7	0	1.97952	280.264	0	CCMSLIB00012344148
1104	spectra_filtered.mgf	*..*		:1804	10099	-1	0	183.086	0	0.717731	0	0	229126.0	287438.0	MANNITOL - 30.0 eV M+H	GNPS-LIBRARY	temp/spectra_filtered.mgf1104	-1	GNPS-LIBRARY.mgf	2.08355				6	0	0.00038147	183.086	0	CCMSLIB00005884957
875	spectra_filtered.mgf	*..*		:3121	131	-1	0	280.225	1	0.717173	0	0	55885.2	134028.0	3-hydroxydecanoyl amylamine [M+Na]+ [M+Na]+	3-HYDROXY-ACYL-AMIDES-LIBRARY	temp/spectra_filtered.mgf875	-1	3-HYDROXY-ACYL-AMIDES-LIBRARY.mgf	137.437				8	0	0.0385132	280.264	0	CCMSLIB00013640932
1255	spectra_filtered.mgf	*..*		:5061	23524	-1	0	343.139	1	0.714305	0	0	301.965	262067.0	coniferin [M+H]+	MONA	temp/spectra_filtered.mgf1255	-1	MONA.mgf	5344.82				7	0	1.83401	341.305	0	CCMSLIB00004696124
1213	spectra_filtered.mgf	*..*		:2518	317	-1	0	297.278	1	0.711092	0	0	980658.0	340833.0	Spectral Match to Phytomonic acid from NIST14 M+H	GNPS-NIST14-MATCHES	temp/spectra_filtered.mgf1213	-1	GNPS-NIST14-MATCHES.mgf	3307.6				9	0	0.983276	296.295	0	CCMSLIB00003134803
803	spectra_filtered.mgf	*..*		:16794	4600	-1	0	263.184	0	0.710821	0	0	3689.0	101716.0	Talaromycin A M+CH3OH+H	GNPS-LIBRARY	temp/spectra_filtered.mgf803	-1	GNPS-LIBRARY.mgf	7457.32				9	0	1.96265	261.221	0	CCMSLIB00005436020
1179	spectra_filtered.mgf	*..*		:48506	60505	-1	0	391.321	1	0.707518	0	0	26616.0	185414.0	Massbank:AU252706 Octyl-3,5-di-tert-butyl-4-hydroxyhydrocinnamate|Octyl-3,5-di-tert-butyl-4-hydroxy-hydrocinnamate|octyl 3-(3,5-ditert-butyl-4-hydroxyphenyl)propanoate M+H	MASSBANK	temp/spectra_filtered.mgf1179	-1	MASSBANK.mgf	2689.11				6	0	1.05231	392.373	0	CCMSLIB00005774057
1262	spectra_filtered.mgf	*..*		:121	121	-1	0	160.097	1	0.706479	0	0	1944100.0	182160.0	Candidate Valine-C2:0 (delta mass:42.0104) M+H	GNPS-N-ACYL-LIPIDS-MASSQL	temp/spectra_filtered.mgf1262	-1	GNPS-N-ACYL-LIPIDS-MASSQL.mgf	7076.36				6	0	1.1329	158.964	0	CCMSLIB00016338526
701	spectra_filtered.mgf	*..*		:1032	3	-1	0	422.171	1	0.705737	0	0	296112.0	97358.2	Topotecan Hydrochloride [M+H]	GNPS-NIH-CLINICALCOLLECTION1	temp/spectra_filtered.mgf701	-1	GNPS-NIH-CLINICALCOLLECTION1.mgf	4420.73				6	0	1.8663	420.305	0	CCMSLIB00000078901
116	spectra_filtered.mgf	*..*		:6085	6531	-1	0	179.034	1	0.705666	0	0	2048750.0	870306.0	Esculetin CollisionEnergy:102040 M+H	BERKELEY-LAB	temp/spectra_filtered.mgf116	-1	BERKELEY-LAB.mgf	491.512				7	0	0.0879974	178.946	0	CCMSLIB00010108519
1227	spectra_filtered.mgf	*..*		:4719	5011	-1	0	284.3	1	0.705623	0	0	6162870.0	213176.0	Spectral Match to Octadecanamide from NIST14 M+H	GNPS-NIST14-MATCHES	temp/spectra_filtered.mgf1227	-1	GNPS-NIST14-MATCHES.mgf	3509.47				7	0	0.997742	285.298	0	CCMSLIB00003139498
982	spectra_filtered.mgf	*..*		:16794	4600	-1	0	263.184	1	0.705006	0	0	3689.0	124083.0	Talaromycin A M+CH3OH+H	GNPS-LIBRARY	temp/spectra_filtered.mgf982	-1	GNPS-LIBRARY.mgf	7457.32				8	0	1.96265	261.221	0	CCMSLIB00005436020
760	spectra_filtered.mgf	*..*		:94451	94451	-1	0	283.104	1	0.70446	0	0	116.371	3420320.0	NCGC00380780-01 [M+H]+	MSNLIB-POSITIVE	temp/spectra_filtered.mgf760	-1	MSNLIB-POSITIVE.mgf	6943.16				6	0	1.96564	281.138	0	CCMSLIB00012445703
75	spectra_filtered.mgf	*..*		:1811	10106	-1	0	183.086	0	0.703103	0	0	233345.0	262394.0	D-SORBITOL - 40.0 eV M+H	GNPS-LIBRARY	temp/spectra_filtered.mgf75	-1	GNPS-LIBRARY.mgf	1.83353				6	0	0.000335693	183.086	0	CCMSLIB00005884964
184	spectra_filtered.mgf	*..*		:76935	76935	-1	0	447.187	1	0.702899	0	0	141.036	322370.0	CHEBI:181631 [M+FA]-	MSNLIB-NEGATIVE	temp/spectra_filtered.mgf184	-1	MSNLIB-NEGATIVE.mgf	4317.76				6	0	1.93085	449.118	0	CCMSLIB00012434244
966	spectra_filtered.mgf	*..*		:28761	105712	-1	0	262.102	1	0.702315	0	0	253.502	329959.0	AKOS011690510 [M-H]-	MSNLIB-NEGATIVE	temp/spectra_filtered.mgf966	-1	MSNLIB-NEGATIVE.mgf	3359.94				6	0	0.880646	261.221	0	CCMSLIB00012785124
634	spectra_filtered.mgf	*..*		:1338	1338	-1	0	218.139	1	0.701933	0	0	1588770.0	198418.0	Glutamic acid_2-Pentanone (known isomers: 0; isobaric peaks in run: 2) [M+H]+	GNPS-ALKYLAMINES-LIBRARY	temp/spectra_filtered.mgf634	-1	GNPS-ALKYLAMINES-LIBRARY.mgf	8907.76				6	0	1.94313	216.196	0	CCMSLIB00016344365
246	spectra_filtered.mgf	*..*		:1662	1662	-1	0	329.094	1	0.700559	0	0	215.798	275517.0	518058-84-9 [M+FA]-	MSNLIB-NEGATIVE	temp/spectra_filtered.mgf246	-1	MSNLIB-NEGATIVE.mgf	2616.62				6	0	0.861115	328.233	0	CCMSLIB00012290840
