SpectrumID	#Scan#	SpectrumFile	LibraryName	MQScore	TIC_Query	RT_Query	MZErrorPPM	SharedPeaks	MassDiff	SpecMZ	SpecCharge	FileScanUniqueID	NumberHits	Compound_Name	Ion_Source	Instrument	Compound_Source	PI	Data_Collector	Adduct	Precursor_MZ	ExactMass	Charge	CAS_Number	Pubmed_ID	Smiles	INCHI	INCHI_AUX	Library_Class	IonMode	Organism	LibMZ	UpdateWorkflowName	LibraryQualityString	tags	molecular_formula	InChIKey	InChIKey-Planar	superclass	class	subclass	npclassifier_superclass	npclassifier_class	npclassifier_pathway	library_usi
CCMSLIB00010103056	252	spectra_filtered.mgf	BERKELEY-LAB.mgf	0.996662	9406900.0	0	0.0935416	6	1.52588e-05	163.123	1	temp/spectra_filtered.mgf252	1	nicotine CollisionEnergy:102040	LC-ESI	Orbitrap	Commercial	Trent Northen	JGI	M+H	163.123	0.0	1	N/A	N/A	CN1CCC[C@H]1c1cccnc1	"""InChI=1S/C10H14N2/c1-12-7-3-5-10(12)9-4-2-6-11-8-9/h2,4,6,8,10H,3,5,7H2,1H3/t10-/m0/s1"""	N/A	3	Positive	BERKELEY-LAB	163.123	UPDATE-SINGLE-ANNOTATED-BRONZE	Bronze		C10H14N2	SNICXCGAKADSCV-JTQLQIEISA-N	SNICXCGAKADSCV	Organoheterocyclic compounds	Pyridines and derivatives	Pyrrolidinylpyridines	Nicotinic acid alkaloids	Pyridine alkaloids	Alkaloids	mzspec:GNPS:GNPS-LIBRARY:CCMSLIB00010103056
CCMSLIB00003140080	453	spectra_filtered.mgf	GNPS-NIST14-MATCHES.mgf	0.99432	10144300.0	0	3333.35	9	0.610291	182.476	0	temp/spectra_filtered.mgf453	1	Spectral Match to D-Mannitol from NIST14	ESI	qTof	Isolated	Data from Joshua Wollam	Data deposited by fevargas	M+H	183.086	182.079	1	69658	N/A	C([C@H]([C@H]([C@@H]([C@@H](CO)O)O)O)O)O	InChI=1S/C6H14O6/c7-1-3(9)5(11)6(12)4(10)2-8/h3-12H,1-2H2/t3-,4-,5-,6-/m1/s1	N/A	3	Positive	GNPS-NIST14-MATCHES	183.086	UPDATE-SINGLE-ANNOTATED-BRONZE	Bronze		C6H14O6	FBPFZTCFMRRESA-KVTDHHQDSA-N	FBPFZTCFMRRESA	Organic oxygen compounds	Organooxygen compounds	Carbohydrates and carbohydrate conjugates	Saccharides	Monosaccharides	Carbohydrates	mzspec:GNPS:GNPS-LIBRARY:CCMSLIB00003140080
CCMSLIB00010142298	260	spectra_filtered.mgf	MCE-DRUG.mgf	0.990776	7630230.0	0	3724.94	9	0.994965	268.104	1	temp/spectra_filtered.mgf260	1	3-DEAZAADENOSINE	ESI	Orbitrap	Crude	Tomas Pluskal	Corinna Brungs	M+H	267.109	266.102	1	N/A	N/A	Nc1nccc2c1ncn2[C@@H]1O[C@H](CO)[C@@H](O)[C@H]1O	"""InChI=1S/C11H14N4O4/c12-10-7-5(1-2-13-10)15(4-14-7)11-9(18)8(17)6(3-16)19-11/h1-2,4,6,8-9,11,16-18H,3H2,(H2,12,13)/t6-,8-,9-,11-/m1/s1"""	DBZQFUNLCALWDY-PNHWDRBUSA-N	3	Positive	MCE-DRUG	267.109	UPDATE-SINGLE-ANNOTATED-BRONZE	Bronze		C11H14N4O4	DBZQFUNLCALWDY-PNHWDRBUSA-N	DBZQFUNLCALWDY	N/A	N/A	N/A	Nucleosides	Purine nucleos(t)ides	Carbohydrates	mzspec:GNPS:GNPS-LIBRARY:CCMSLIB00010142298
CCMSLIB00003136083	449	spectra_filtered.mgf	GNPS-NIST14-MATCHES.mgf	0.990767	37542700.0	0	2.1669	8	0.000396729	183.086	1	temp/spectra_filtered.mgf449	1	Spectral Match to D-Sorbitol from NIST14	ESI	qTof	Isolated	Data from Joshua Wollam	Data deposited by fevargas	M+H	183.086	182.079	1	50704	N/A	C([C@H]([C@H]([C@@H]([C@H](CO)O)O)O)O)O	InChI=1S/C6H14O6/c7-1-3(9)5(11)6(12)4(10)2-8/h3-12H,1-2H2/t3-,4+,5-,6-/m1/s1	N/A	3	Positive	GNPS-NIST14-MATCHES	183.086	UPDATE-SINGLE-ANNOTATED-BRONZE	Bronze		C6H14O6	FBPFZTCFMRRESA-JGWLITMVSA-N	FBPFZTCFMRRESA	Organic oxygen compounds	Organooxygen compounds	Carbohydrates and carbohydrate conjugates	Saccharides	Monosaccharides	Carbohydrates	mzspec:GNPS:GNPS-LIBRARY:CCMSLIB00003136083
CCMSLIB00003136083	558	spectra_filtered.mgf	GNPS-NIST14-MATCHES.mgf	0.990738	909001.0	0	1.83353	8	0.000335693	183.086	1	temp/spectra_filtered.mgf558	1	Spectral Match to D-Sorbitol from NIST14	ESI	qTof	Isolated	Data from Joshua Wollam	Data deposited by fevargas	M+H	183.086	182.079	1	50704	N/A	C([C@H]([C@H]([C@@H]([C@H](CO)O)O)O)O)O	InChI=1S/C6H14O6/c7-1-3(9)5(11)6(12)4(10)2-8/h3-12H,1-2H2/t3-,4+,5-,6-/m1/s1	N/A	3	Positive	GNPS-NIST14-MATCHES	183.086	UPDATE-SINGLE-ANNOTATED-BRONZE	Bronze		C6H14O6	FBPFZTCFMRRESA-JGWLITMVSA-N	FBPFZTCFMRRESA	Organic oxygen compounds	Organooxygen compounds	Carbohydrates and carbohydrate conjugates	Saccharides	Monosaccharides	Carbohydrates	mzspec:GNPS:GNPS-LIBRARY:CCMSLIB00003136083
CCMSLIB00003140080	707	spectra_filtered.mgf	GNPS-NIST14-MATCHES.mgf	0.988841	1588360.0	0	2.00021	9	0.000366211	183.086	1	temp/spectra_filtered.mgf707	1	Spectral Match to D-Mannitol from NIST14	ESI	qTof	Isolated	Data from Joshua Wollam	Data deposited by fevargas	M+H	183.086	182.079	1	69658	N/A	C([C@H]([C@H]([C@@H]([C@@H](CO)O)O)O)O)O	InChI=1S/C6H14O6/c7-1-3(9)5(11)6(12)4(10)2-8/h3-12H,1-2H2/t3-,4-,5-,6-/m1/s1	N/A	3	Positive	GNPS-NIST14-MATCHES	183.086	UPDATE-SINGLE-ANNOTATED-BRONZE	Bronze		C6H14O6	FBPFZTCFMRRESA-KVTDHHQDSA-N	FBPFZTCFMRRESA	Organic oxygen compounds	Organooxygen compounds	Carbohydrates and carbohydrate conjugates	Saccharides	Monosaccharides	Carbohydrates	mzspec:GNPS:GNPS-LIBRARY:CCMSLIB00003140080
CCMSLIB00003136083	664	spectra_filtered.mgf	GNPS-NIST14-MATCHES.mgf	0.987873	1142250.0	0	2.00021	8	0.000366211	183.086	0	temp/spectra_filtered.mgf664	1	Spectral Match to D-Sorbitol from NIST14	ESI	qTof	Isolated	Data from Joshua Wollam	Data deposited by fevargas	M+H	183.086	182.079	1	50704	N/A	C([C@H]([C@H]([C@@H]([C@H](CO)O)O)O)O)O	InChI=1S/C6H14O6/c7-1-3(9)5(11)6(12)4(10)2-8/h3-12H,1-2H2/t3-,4+,5-,6-/m1/s1	N/A	3	Positive	GNPS-NIST14-MATCHES	183.086	UPDATE-SINGLE-ANNOTATED-BRONZE	Bronze		C6H14O6	FBPFZTCFMRRESA-JGWLITMVSA-N	FBPFZTCFMRRESA	Organic oxygen compounds	Organooxygen compounds	Carbohydrates and carbohydrate conjugates	Saccharides	Monosaccharides	Carbohydrates	mzspec:GNPS:GNPS-LIBRARY:CCMSLIB00003136083
CCMSLIB00010113136	108	spectra_filtered.mgf	BERKELEY-LAB.mgf	0.987584	459685000.0	0	1.54347	7	0.000640869	415.211	1	temp/spectra_filtered.mgf108	1	"""1-({[2-(2-furylmethyl)-5-methylpyrrolidinyl]amino}methylene)-7-[8-({[2-(2-fury lmethyl)pyrrolidinyl]amino}methylene)-1,6-dihydroxy-3-methyl-5-(methylethyl)-7 -oxo(2-naphthyl)]-3,8-dihydroxy-6-methyl-4-(methylethyl)naphthalen-2-one CollisionEnergy:102040"""	LC-ESI	Orbitrap	Commercial	Trent Northen	JGI	M+2H]	415.212	0.0	1	N/A	N/A	Cc1cc2c(c(O)c1-c1c(C)cc3c(c1O)C(=CNN1C(C)CCC1Cc1ccco1)C(=O)C(O)=C3C(C)C)C(=CNN1CCCC1Cc1ccco1)C(=O)C(O)=C2C(C)C	"""InChI=1S/C49H56N4O8/c1-25(2)38-34-19-27(5)40(46(56)42(34)36(44(54)48(38)58)23-50-52-16-8-11-30(52)21-32-12-9-17-60-32)41-28(6)20-35-39(26(3)4)49(59)45(55)37(43(35)47(41)57)24-51-53-29(7)14-15-31(53)22-33-13-10-18-61-33/h9-10,12-13,17-20,23-26,29-31,50-51,56-59H,8,11,14-16,21-22H2,1-7H3/b36-23-,37-24-"""	N/A	3	Positive	BERKELEY-LAB	415.212	UPDATE-SINGLE-ANNOTATED-BRONZE	Bronze		C49H56N4O8	OZMHKRBQDGOIDU-UHFFFAOYSA-N	OZMHKRBQDGOIDU	N/A	N/A	N/A				mzspec:GNPS:GNPS-LIBRARY:CCMSLIB00010113136
CCMSLIB00005463949	686	spectra_filtered.mgf	GNPS-MSMLS.mgf	0.982242	5243500.0	0	0.830743	6	0.000213623	257.147	1	temp/spectra_filtered.mgf686	1	BETAINE	ESI	Orbitrap	Commercial	Dorrestein	Kelly Weldon	2M+Na	257.147	117.079	1	107-43-7	N/A	C[N+](C)(C)CC([O-])=O	"""InChI=1S/C5H11NO2/c1-6(2,3)4-5(7)8/h4H2,1-3H3"""	N/A	1	Positive	GNPS-MSMLS	257.147	UPDATE-SINGLE-ANNOTATED-GOLD	Gold		N/A	KWIUHFFTVRNATP-UHFFFAOYSA-N	KWIUHFFTVRNATP	Organic acids and derivatives	Carboxylic acids and derivatives	Amino acids, peptides, and analogues	N/A	N/A	N/A	mzspec:GNPS:GNPS-LIBRARY:CCMSLIB00005463949
CCMSLIB00000842020	114	spectra_filtered.mgf	MASSBANKEU.mgf	0.981434	668686.0	0	0.105871	7	3.05176e-05	288.253	1	temp/spectra_filtered.mgf114	1	MassbankEU:SM876702 Lauryl diethanolamide|N,N-bis(2-hydroxyethyl)dodecanamide	ESI	LC-ESI-QFT	Isolated	Massbank EU	Massbank	[M+H]+	288.253	0.0	1	120-40-1	N/A	CCCCCCCCCCCC(=O)N(CCO)CCO	1S/C16H33NO3/c1-2-3-4-5-6-7-8-9-10-11-16(20)17(12-14-18)13-15-19/h18-19H,2-15H2,1H3	N/A	3	Positive	MASSBANKEU	288.253	UPDATE-SINGLE-ANNOTATED-BRONZE	Bronze		C16H33NO3	AOMUHOFOVNGZAN-UHFFFAOYSA-N	AOMUHOFOVNGZAN	Lipids and lipid-like molecules	Fatty Acyls	Fatty amides	Fatty amides	N-acyl ethanolamines (endocannabinoids)	Fatty acids	mzspec:GNPS:GNPS-LIBRARY:CCMSLIB00000842020
CCMSLIB00012837050	420	spectra_filtered.mgf	MSNLIB-NEGATIVE.mgf	0.974041	6490550.0	0	5062.59	6	1.18005	234.273	0	temp/spectra_filtered.mgf420	1	1955548-88-5	ESI	Orbitrap	Commercial	Tomas Pluskal	Corinna Brungs	[M-H]-	233.093	234.1	-1	N/A	N/A	CCN1C(=O)C[C@H](C(=O)O)[C@H]1c1cnccc1	InChI=1S/C12H14N2O3/c1-2-14-10(15)6-9(12(16)17)11(14)8-4-3-5-13-7-8/h3-5,7,9,11H,2,6H2,1H3,(H,16,17)/t9-,11+/m0/s1	DJIVEMPXVXHZAE-GXSJLCMTSA-N	1	Negative	MSNLIB-NEGATIVE	233.093	UPDATE-SINGLE-ANNOTATED-GOLD	Gold		C12H14N2O3	DJIVEMPXVXHZAE-GXSJLCMTSA-N	DJIVEMPXVXHZAE	N/A	N/A	N/A	Nicotinic acid alkaloids|Ornithine alkaloids	Pyridine alkaloids|Pyrrolidine alkaloids	Alkaloids	mzspec:GNPS:GNPS-LIBRARY:CCMSLIB00012837050
CCMSLIB00003137100	82	spectra_filtered.mgf	GNPS-NIST14-MATCHES.mgf	0.972961	1125580.0	0	1.19087	12	0.000305176	256.263	1	temp/spectra_filtered.mgf82	1	Spectral Match to Palmitamide from NIST14	ESI	qTof	Isolated	Data from Wolfender/Litaudon	Data deposited by pmallard	M+H	256.263	255.256	1	629549	N/A	CCCCCCCCCCCCCCCC(=O)N	InChI=1S/C16H33NO/c1-2-3-4-5-6-7-8-9-10-11-12-13-14-15-16(17)18/h2-15H2,1H3,(H2,17,18)	N/A	3	Positive	GNPS-NIST14-MATCHES	256.263	UPDATE-SINGLE-ANNOTATED-BRONZE	Bronze		C16H33NO	HSEMFIZWXHQJAE-UHFFFAOYSA-N	HSEMFIZWXHQJAE	Lipids and lipid-like molecules	Fatty Acyls	Fatty amides	Fatty amides	Primary amides	Fatty acids	mzspec:GNPS:GNPS-LIBRARY:CCMSLIB00003137100
CCMSLIB00012329243	360	spectra_filtered.mgf	MSNLIB-POSITIVE.mgf	0.972795	1640890000.0	0	8256.84	6	1.95789	235.165	1	temp/spectra_filtered.mgf360	1	Phe-ala	ESI	Orbitrap	Crude	Tomas Pluskal	Corinna Brungs	[M+H]+	237.123	236.116	1	N/A	N/A	C[C@H](NC(=O)[C@@H](N)Cc1ccccc1)C(=O)O	InChI=1S/C12H16N2O3/c1-8(12(16)17)14-11(15)10(13)7-9-5-3-2-4-6-9/h2-6,8,10H,7,13H2,1H3,(H,14,15)(H,16,17)/t8-,10-/m0/s1	MIDZLCFIAINOQN-WPRPVWTQSA-N	1	Positive	MSNLIB-POSITIVE	237.123	UPDATE-SINGLE-ANNOTATED-GOLD	Gold		C12H16N2O3	MIDZLCFIAINOQN-WPRPVWTQSA-N	MIDZLCFIAINOQN	Organic acids and derivatives	Carboxylic acids and derivatives	Amino acids, peptides, and analogues	Small peptides	Dipeptides	Amino acids and Peptides	mzspec:GNPS:GNPS-LIBRARY:CCMSLIB00012329243
CCMSLIB00005724792	270	spectra_filtered.mgf	GNPS-LIBRARY.mgf	0.967916	496391.0	0	545.124	6	0.110153	202.18	1	temp/spectra_filtered.mgf270	1	2-amino-1,9-dimethyl-6,9-dihydro-1H-purin-6-one	ESI	Orbitrap	Isolated	Wolfender	Luis Quiros-Guerrero	M+Na	202.07	179.081	1	N/A	N/A	Cn1c(N=C(N)N(C)C2=O)c2nc1	InChI=1S/C7H9N5O/c1-11-3-9-4-5(11)10-7(8)12(2)6(4)13/h3H,1-2H3,(H2,8,10)	N/A	1	Positive	GNPS-LIBRARY	202.07	UPDATE-SINGLE-ANNOTATED-GOLD	Gold		C7H9N5O	MXLVASHNANBJDZ-UHFFFAOYSA-N	MXLVASHNANBJDZ	Organoheterocyclic compounds	Imidazopyrimidines	Purines and purine derivatives	Pseudoalkaloids	pteridine alkaloids	Alkaloids	mzspec:GNPS:GNPS-LIBRARY:CCMSLIB00005724792
CCMSLIB00012349263	303	spectra_filtered.mgf	MSNLIB-POSITIVE.mgf	0.958882	1839390.0	0	0.0	8	0.0	235.119	1	temp/spectra_filtered.mgf303	1	Cyclo(his-pro)	ESI	Orbitrap	Crude	Tomas Pluskal	Corinna Brungs	[M+H]+	235.119	234.112	1	N/A	N/A	O=C1N[C@@H](Cc2cnc[nH]2)C(=O)N2CCC[C@@H]12	InChI=1S/C11H14N4O2/c16-10-9-2-1-3-15(9)11(17)8(14-10)4-7-5-12-6-13-7/h5-6,8-9H,1-4H2,(H,12,13)(H,14,16)/t8-,9-/m0/s1	NAKUGCPAQTUSBE-IUCAKERBSA-N	1	Positive	MSNLIB-POSITIVE	235.119	UPDATE-SINGLE-ANNOTATED-GOLD	Gold		C11H14N4O2	NAKUGCPAQTUSBE-IUCAKERBSA-N	NAKUGCPAQTUSBE	Organic acids and derivatives	Carboxylic acids and derivatives	Amino acids, peptides, and analogues	Small peptides	Dipeptides	Amino acids and Peptides	mzspec:GNPS:GNPS-LIBRARY:CCMSLIB00012349263
CCMSLIB00013576248	706	spectra_filtered.mgf	CMMC-FOOD-BIOMARKERS.mgf	0.957114	560155.0	0	0.972632	8	0.000335693	345.139	1	temp/spectra_filtered.mgf706	1	Isomalt (known structural isomers: 2; isobaric peaks in run: 0)	LC-ESI	Orbitrap	Crude	Pieter Dorrestein	Julius	[M+H]+	345.139	344.132	1	N/A	N/A	C([C@@H]1[C@H]([C@@H]([C@H]([C@H](O1)OC[C@H]([C@H]([C@@H](C(CO)O)O)O)O)O)O)O)O	InChI=1S/C12H24O11/c13-1-4(15)7(17)8(18)5(16)3-22-12-11(21)10(20)9(19)6(2-14)23-12/h4-21H,1-3H2/t4?,5-,6-,7-,8-,9-,10+,11-,12+/m1/s1	InChI=1S/C12H24O11/c13-1-4(15)7(17)8(18)5(16)3-22-12-11(21)10(20)9(19)6(2-14)23-12/h4-21H,1-3H2/t4?,5-,6-,7-,8-,9-,10+,11-,12+/m1/s1 [M+H]+	1	Positive	CMMC-FOOD-BIOMARKERS	345.139	UPDATE-SINGLE-ANNOTATED-GOLD	Gold		C12H24O11	SERLAGPUMNYUCK-BLEZHGCXSA-N	SERLAGPUMNYUCK	Lipids and lipid-like molecules	Fatty Acyls	Fatty acyl glycosides				mzspec:GNPS:GNPS-LIBRARY:CCMSLIB00013576248
CCMSLIB00012328322	142	spectra_filtered.mgf	MSNLIB-POSITIVE.mgf	0.942002	122355.0	0	0.192953	6	6.10352e-05	316.321	1	temp/spectra_filtered.mgf142	1	METHYL STEARATE	ESI	Orbitrap	Crude	Tomas Pluskal	Corinna Brungs	[M+NH4]+	316.321	298.287	1	N/A	N/A	CCCCCCCCCCCCCCCCCC(=O)OC	InChI=1S/C19H38O2/c1-3-4-5-6-7-8-9-10-11-12-13-14-15-16-17-18-19(20)21-2/h3-18H2,1-2H3	HPEUJPJOZXNMSJ-UHFFFAOYSA-N	1	Positive	MSNLIB-POSITIVE	316.321	UPDATE-SINGLE-ANNOTATED-GOLD	Gold		C19H38O2	HPEUJPJOZXNMSJ-UHFFFAOYSA-N	HPEUJPJOZXNMSJ	Lipids and lipid-like molecules	Fatty Acyls	Fatty acid esters	Fatty esters	Wax monoesters	Fatty acids	mzspec:GNPS:GNPS-LIBRARY:CCMSLIB00012328322
CCMSLIB00003139362	696	spectra_filtered.mgf	GNPS-NIST14-MATCHES.mgf	0.936433	393114.0	0	4.57574	8	0.00164795	360.151	1	temp/spectra_filtered.mgf696	1	Spectral Match to Lactulose from NIST14	ESI	QQQ	Isolated	Data from Chris Turck	Data deposited by fevargas	M+NH4	360.149	342.116	1	4618182	N/A	C([C@@H]1[C@@H]([C@@H]([C@H]([C@@H](O1)O[C@@H]2[C@H](O[C@@]([C@H]2O)(CO)O)CO)O)O)O)O	InChI=1S/C12H22O11/c13-1-4-6(16)7(17)8(18)11(21-4)22-9-5(2-14)23-12(20,3-15)10(9)19/h4-11,13-20H,1-3H2/t4-,5-,6+,7+,8-,9-,10+,11+,12-/m1/s1	N/A	3	Positive	GNPS-NIST14-MATCHES	360.149	UPDATE-SINGLE-ANNOTATED-BRONZE	Bronze		C12H22O11	JCQLYHFGKNRPGE-FCVZTGTOSA-N	JCQLYHFGKNRPGE	Organic oxygen compounds	Organooxygen compounds	Carbohydrates and carbohydrate conjugates	Saccharides	Disaccharides	Carbohydrates	mzspec:GNPS:GNPS-LIBRARY:CCMSLIB00003139362
CCMSLIB00012176426	446	spectra_filtered.mgf	GNPS-LIBRARY.mgf	0.931894	23489100.0	0	1.20165	7	0.000198364	165.076	1	temp/spectra_filtered.mgf446	1	Mannitol	LC-ESI	Orbitrap	Commercial	Taicia Fill	Marina Maximo	M+H-H2O	165.076	182.079	1	69-65-8	N/A	C([C@H]([C@H]([C@@H]([C@@H](CO)O)O)O)O)O	InChI=1S/C6H14O6/c7-1-3(9)5(11)6(12)4(10)2-8/h3-12H,1-2H2/t3-,4-,5-,6-/m1/s1	N/A	3	Positive	GNPS-LIBRARY	165.076	UPDATE-SINGLE-ANNOTATED-BRONZE	Bronze		C6H14O6	FBPFZTCFMRRESA-KVTDHHQDSA-N	FBPFZTCFMRRESA	Organic oxygen compounds	Organooxygen compounds	Carbohydrates and carbohydrate conjugates	Saccharides	Monosaccharides	Carbohydrates	mzspec:GNPS:GNPS-LIBRARY:CCMSLIB00012176426
CCMSLIB00012176426	557	spectra_filtered.mgf	GNPS-LIBRARY.mgf	0.930203	517932.0	0	1.29409	7	0.000213623	165.076	1	temp/spectra_filtered.mgf557	1	Mannitol	LC-ESI	Orbitrap	Commercial	Taicia Fill	Marina Maximo	M+H-H2O	165.076	182.079	1	69-65-8	N/A	C([C@H]([C@H]([C@@H]([C@@H](CO)O)O)O)O)O	InChI=1S/C6H14O6/c7-1-3(9)5(11)6(12)4(10)2-8/h3-12H,1-2H2/t3-,4-,5-,6-/m1/s1	N/A	3	Positive	GNPS-LIBRARY	165.076	UPDATE-SINGLE-ANNOTATED-BRONZE	Bronze		C6H14O6	FBPFZTCFMRRESA-KVTDHHQDSA-N	FBPFZTCFMRRESA	Organic oxygen compounds	Organooxygen compounds	Carbohydrates and carbohydrate conjugates	Saccharides	Monosaccharides	Carbohydrates	mzspec:GNPS:GNPS-LIBRARY:CCMSLIB00012176426
CCMSLIB00003138305	385	spectra_filtered.mgf	GNPS-NIST14-MATCHES.mgf	0.929688	19039100.0	0	19.5346	6	0.00382996	196.064	1	temp/spectra_filtered.mgf385	1	Spectral Match to 2-(N-Morpholino)ethanesulfonic acid from NIST14	ESI	Ion Trap	Isolated	Data from Pieter Dorrestein	Data deposited by t3hdon	M+H	196.06	195.057	1	4432319	N/A	C1COCCN1CCS(=O)(=O)O	InChI=1S/C6H13NO4S/c8-12(9,10)6-3-7-1-4-11-5-2-7/h1-6H2,(H,8,9,10)	N/A	3	Positive	GNPS-NIST14-MATCHES	196.06	UPDATE-SINGLE-ANNOTATED-BRONZE	Bronze		C6H13NO4S	SXGZJKUKBWWHRA-UHFFFAOYSA-N	SXGZJKUKBWWHRA	Organoheterocyclic compounds	Oxazinanes	Morpholines	Lysine alkaloids	Piperidine alkaloids	Alkaloids	mzspec:GNPS:GNPS-LIBRARY:CCMSLIB00003138305
CCMSLIB00010114511	50	spectra_filtered.mgf	BERKELEY-LAB.mgf	0.928979	728516.0	0	3.73508	17	0.00238037	637.304	1	temp/spectra_filtered.mgf50	1	AC1L1X1Z CollisionEnergy:102040	LC-ESI	Orbitrap	Commercial	Trent Northen	JGI	M+Na	637.302	0.0	1	N/A	N/A	NCC1OC(OC2C(CO)OC(OC3C(O)C(N)CC(N)C3OC3OC(CN)C(O)C(O)C3N)C2O)C(N)C(O)C1O	"""InChI=1S/C23H46N6O13/c24-2-7-13(32)15(34)10(28)21(37-7)40-18-6(27)1-5(26)12(31)20(18)42-23-17(36)19(9(4-30)39-23)41-22-11(29)16(35)14(33)8(3-25)38-22/h5-23,30-36H,1-4,24-29H2/t5-,6+,7-,8+,9-,10-,11-,12+,13-,14-,15-,16-,17-,18-,19-,20-,21-,22?,23+/m1/s1"""	N/A	3	Positive	BERKELEY-LAB	637.302	UPDATE-SINGLE-ANNOTATED-BRONZE	Bronze		C23H46N6O13	PGBHMTALBVVCIT-UHFFFAOYSA-N	PGBHMTALBVVCIT	Organic oxygen compounds	Organooxygen compounds	Carbohydrates and carbohydrate conjugates	Polyols	Amino cyclitols	Carbohydrates	mzspec:GNPS:GNPS-LIBRARY:CCMSLIB00010114511
CCMSLIB00003136083	576	spectra_filtered.mgf	GNPS-NIST14-MATCHES.mgf	0.919684	324612.0	0	1.75019	7	0.000320435	183.086	1	temp/spectra_filtered.mgf576	1	Spectral Match to D-Sorbitol from NIST14	ESI	qTof	Isolated	Data from Joshua Wollam	Data deposited by fevargas	M+H	183.086	182.079	1	50704	N/A	C([C@H]([C@H]([C@@H]([C@H](CO)O)O)O)O)O	InChI=1S/C6H14O6/c7-1-3(9)5(11)6(12)4(10)2-8/h3-12H,1-2H2/t3-,4+,5-,6-/m1/s1	N/A	3	Positive	GNPS-NIST14-MATCHES	183.086	UPDATE-SINGLE-ANNOTATED-BRONZE	Bronze		C6H14O6	FBPFZTCFMRRESA-JGWLITMVSA-N	FBPFZTCFMRRESA	Organic oxygen compounds	Organooxygen compounds	Carbohydrates and carbohydrate conjugates	Saccharides	Monosaccharides	Carbohydrates	mzspec:GNPS:GNPS-LIBRARY:CCMSLIB00003136083
CCMSLIB00000216897	282	spectra_filtered.mgf	MASSBANK.mgf	0.919635	1019670.0	0	754.795	6	0.123032	163.123	1	temp/spectra_filtered.mgf282	1	Massbank:KO002204 Anabasine|(-)-Anabasine	ESI	LC-ESI-QQ	Isolated	Putative Massbank Match	Massbank	[M+H]+	163.0	0.0	1	494-52-0	N/A	C(C2)CNC(C2)c(c1)cncc1	1S/C10H14N2/c1-2-7-12-10(5-1)9-4-3-6-11-8-9/h3-4,6,8,10,12H,1-2,5,7H2/t10-/m0/s1	N/A	3	Positive	MASSBANK	163.0	UPDATE-SINGLE-ANNOTATED-BRONZE	Bronze		C10H14N2	MTXSIJUGVMTTMU-UHFFFAOYSA-N	MTXSIJUGVMTTMU	N/A	N/A	N/A	Lysine alkaloids|Nicotinic acid alkaloids	Piperidine alkaloids|Pyridine alkaloids	Alkaloids	mzspec:GNPS:GNPS-LIBRARY:CCMSLIB00000216897
CCMSLIB00012176426	710	spectra_filtered.mgf	GNPS-LIBRARY.mgf	0.916058	272246.0	0	1.01678	7	0.000167847	165.076	1	temp/spectra_filtered.mgf710	1	Mannitol	LC-ESI	Orbitrap	Commercial	Taicia Fill	Marina Maximo	M+H-H2O	165.076	182.079	1	69-65-8	N/A	C([C@H]([C@H]([C@@H]([C@@H](CO)O)O)O)O)O	InChI=1S/C6H14O6/c7-1-3(9)5(11)6(12)4(10)2-8/h3-12H,1-2H2/t3-,4-,5-,6-/m1/s1	N/A	3	Positive	GNPS-LIBRARY	165.076	UPDATE-SINGLE-ANNOTATED-BRONZE	Bronze		C6H14O6	FBPFZTCFMRRESA-KVTDHHQDSA-N	FBPFZTCFMRRESA	Organic oxygen compounds	Organooxygen compounds	Carbohydrates and carbohydrate conjugates	Saccharides	Monosaccharides	Carbohydrates	mzspec:GNPS:GNPS-LIBRARY:CCMSLIB00012176426
CCMSLIB00012340035	437	spectra_filtered.mgf	MSNLIB-POSITIVE.mgf	0.91296	1327840.0	0	0.466953	6	9.15527e-05	196.064	1	temp/spectra_filtered.mgf437	1	4432-31-9	ESI	Orbitrap	Crude	Tomas Pluskal	Corinna Brungs	[M+H]+	196.064	195.057	1	N/A	N/A	O=S(=O)(O)CCN1CCOCC1	InChI=1S/C6H13NO4S/c8-12(9,10)6-3-7-1-4-11-5-2-7/h1-6H2,(H,8,9,10)	SXGZJKUKBWWHRA-UHFFFAOYSA-N	1	Positive	MSNLIB-POSITIVE	196.064	UPDATE-SINGLE-ANNOTATED-GOLD	Gold		C6H13NO4S	SXGZJKUKBWWHRA-UHFFFAOYSA-N	SXGZJKUKBWWHRA	Organoheterocyclic compounds	Oxazinanes	Morpholines	Lysine alkaloids	Piperidine alkaloids	Alkaloids	mzspec:GNPS:GNPS-LIBRARY:CCMSLIB00012340035
CCMSLIB00012336145	109	spectra_filtered.mgf	MSNLIB-POSITIVE.mgf	0.909725	71097800.0	0	293.727	7	0.126923	432.238	1	temp/spectra_filtered.mgf109	1	Ex229	ESI	Orbitrap	Crude	Tomas Pluskal	Corinna Brungs	[M+H]+	432.111	431.104	1	N/A	N/A	Cc1c(C(=O)O)cc(Oc2nc3c(cc(Cl)c(-c4cc5c(cc4)n(C)cc5)c3)[nH]2)cc1	InChI=1S/C24H18ClN3O3/c1-13-3-5-16(10-17(13)23(29)30)31-24-26-20-11-18(19(25)12-21(20)27-24)14-4-6-22-15(9-14)7-8-28(22)2/h3-12H,1-2H3,(H,26,27)(H,29,30)	FHWSAZXFPUMKFL-UHFFFAOYSA-N	1	Positive	MSNLIB-POSITIVE	432.111	UPDATE-SINGLE-ANNOTATED-GOLD	Gold		C24H18ClN3O3	FHWSAZXFPUMKFL-UHFFFAOYSA-N	FHWSAZXFPUMKFL	Organic oxygen compounds	Organooxygen compounds	Ethers	Tryptophan alkaloids	Simple indole alkaloids	Alkaloids	mzspec:GNPS:GNPS-LIBRARY:CCMSLIB00012336145
CCMSLIB00003138450	96	spectra_filtered.mgf	GNPS-NIST14-MATCHES.mgf	0.905471	2937480.0	0	270.355	6	0.0365295	135.08	1	temp/spectra_filtered.mgf96	1	Spectral Match to .alpha.-Pinene oxide from NIST14	ESI	qTof	Isolated	Data from Gabriel Haddad	Data deposited by mjmeehan	M+H-H2O	135.117	152.12	1	1686142	N/A	CC1(C2CC1C3(C(C2)O3)C)C	InChI=1S/C10H16O/c1-9(2)6-4-7(9)10(3)8(5-6)11-10/h6-8H,4-5H2,1-3H3	N/A	3	Positive	GNPS-NIST14-MATCHES	135.117	UPDATE-SINGLE-ANNOTATED-BRONZE	Bronze		C10H16O	NQFUSWIGRKFAHK-UHFFFAOYSA-N	NQFUSWIGRKFAHK	Lipids and lipid-like molecules	Prenol lipids	Monoterpenoids	Monoterpenoids	Pinane monoterpenoids	Terpenoids	mzspec:GNPS:GNPS-LIBRARY:CCMSLIB00003138450
CCMSLIB00012176426	173	spectra_filtered.mgf	GNPS-LIBRARY.mgf	0.90236	492022.0	0	1.10922	7	0.000183105	165.076	1	temp/spectra_filtered.mgf173	1	Mannitol	LC-ESI	Orbitrap	Commercial	Taicia Fill	Marina Maximo	M+H-H2O	165.076	182.079	1	69-65-8	N/A	C([C@H]([C@H]([C@@H]([C@@H](CO)O)O)O)O)O	InChI=1S/C6H14O6/c7-1-3(9)5(11)6(12)4(10)2-8/h3-12H,1-2H2/t3-,4-,5-,6-/m1/s1	N/A	3	Positive	GNPS-LIBRARY	165.076	UPDATE-SINGLE-ANNOTATED-BRONZE	Bronze		C6H14O6	FBPFZTCFMRRESA-KVTDHHQDSA-N	FBPFZTCFMRRESA	Organic oxygen compounds	Organooxygen compounds	Carbohydrates and carbohydrate conjugates	Saccharides	Monosaccharides	Carbohydrates	mzspec:GNPS:GNPS-LIBRARY:CCMSLIB00012176426
CCMSLIB00012176426	196	spectra_filtered.mgf	GNPS-LIBRARY.mgf	0.902278	3341700.0	0	1.10922	7	0.000183105	165.076	1	temp/spectra_filtered.mgf196	1	Mannitol	LC-ESI	Orbitrap	Commercial	Taicia Fill	Marina Maximo	M+H-H2O	165.076	182.079	1	69-65-8	N/A	C([C@H]([C@H]([C@@H]([C@@H](CO)O)O)O)O)O	InChI=1S/C6H14O6/c7-1-3(9)5(11)6(12)4(10)2-8/h3-12H,1-2H2/t3-,4-,5-,6-/m1/s1	N/A	3	Positive	GNPS-LIBRARY	165.076	UPDATE-SINGLE-ANNOTATED-BRONZE	Bronze		C6H14O6	FBPFZTCFMRRESA-KVTDHHQDSA-N	FBPFZTCFMRRESA	Organic oxygen compounds	Organooxygen compounds	Carbohydrates and carbohydrate conjugates	Saccharides	Monosaccharides	Carbohydrates	mzspec:GNPS:GNPS-LIBRARY:CCMSLIB00012176426
CCMSLIB00012409254	660	spectra_filtered.mgf	MSNLIB-NEGATIVE.mgf	0.901942	529893.0	0	6654.25	6	1.89673	283.143	0	temp/spectra_filtered.mgf660	1	98973-45-6	ESI	Orbitrap	Isolated	Tomas Pluskal	Corinna Brungs	[M-H]-	285.04	286.048	1	N/A	N/A	Cc1cc(O)c2c(=O)c3c(C(=O)O)cc(O)cc3oc2c1	InChI=1S/C15H10O6/c1-6-2-9(17)13-10(3-6)21-11-5-7(16)4-8(15(19)20)12(11)14(13)18/h2-5,16-17H,1H3,(H,19,20)	XSPSQSXYKJASKD-UHFFFAOYSA-N	1	Negative	MSNLIB-NEGATIVE	285.04	UPDATE-SINGLE-ANNOTATED-GOLD	Gold		C15H10O6	XSPSQSXYKJASKD-UHFFFAOYSA-N	XSPSQSXYKJASKD	Organoheterocyclic compounds	Benzopyrans	1-benzopyrans	Xanthones	Methyl xanthones	Polyketides	mzspec:GNPS:GNPS-LIBRARY:CCMSLIB00012409254
CCMSLIB00003135404	85	spectra_filtered.mgf	GNPS-NIST14-MATCHES.mgf	0.898151	4341350.0	0	7462.2	7	1.9791	263.237	1	temp/spectra_filtered.mgf85	1	Spectral Match to 12(S)-Hydroxy-16-heptadecynoic acid from NIST14	ESI	qTof	Isolated	Data from Wolfender/Litaudon	Data deposited by pmallard	M+H-H2O	265.216	282.22	1	148019743	N/A	C#CCCC[C@H](CCCCCCCCCCC(=O)O)O	InChI=1S/C17H30O3/c1-2-3-10-13-16(18)14-11-8-6-4-5-7-9-12-15-17(19)20/h1,16,18H,3-15H2,(H,19,20)/t16-/m1/s1	N/A	3	Positive	GNPS-NIST14-MATCHES	265.216	UPDATE-SINGLE-ANNOTATED-BRONZE	Bronze		CH4	HBFCVDJQUPEEIC-MRXNPFEDSA-N	HBFCVDJQUPEEIC	Lipids and lipid-like molecules	Fatty Acyls	Fatty acids and conjugates				mzspec:GNPS:GNPS-LIBRARY:CCMSLIB00003135404
CCMSLIB00012409254	676	spectra_filtered.mgf	MSNLIB-NEGATIVE.mgf	0.895525	701693.0	0	6911.74	6	1.97012	283.07	0	temp/spectra_filtered.mgf676	1	98973-45-6	ESI	Orbitrap	Isolated	Tomas Pluskal	Corinna Brungs	[M-H]-	285.04	286.048	1	N/A	N/A	Cc1cc(O)c2c(=O)c3c(C(=O)O)cc(O)cc3oc2c1	InChI=1S/C15H10O6/c1-6-2-9(17)13-10(3-6)21-11-5-7(16)4-8(15(19)20)12(11)14(13)18/h2-5,16-17H,1H3,(H,19,20)	XSPSQSXYKJASKD-UHFFFAOYSA-N	1	Negative	MSNLIB-NEGATIVE	285.04	UPDATE-SINGLE-ANNOTATED-GOLD	Gold		C15H10O6	XSPSQSXYKJASKD-UHFFFAOYSA-N	XSPSQSXYKJASKD	Organoheterocyclic compounds	Benzopyrans	1-benzopyrans	Xanthones	Methyl xanthones	Polyketides	mzspec:GNPS:GNPS-LIBRARY:CCMSLIB00012409254
CCMSLIB00003136157	83	spectra_filtered.mgf	GNPS-NIST14-MATCHES.mgf	0.893338	9337690.0	0	3856.13	9	0.984207	254.248	1	temp/spectra_filtered.mgf83	1	Spectral Match to Palmitelaidic acid from NIST14	ESI	qTof	Isolated	Data from Wolfender/Litaudon	Data deposited by pmallard	M+H	255.232	254.225	1	10030736	N/A	CCCCCC/C=C/CCCCCCCC(=O)O	InChI=1S/C16H30O2/c1-2-3-4-5-6-7-8-9-10-11-12-13-14-15-16(17)18/h7-8H,2-6,9-15H2,1H3,(H,17,18)/b8-7+	N/A	3	Positive	GNPS-NIST14-MATCHES	255.232	UPDATE-SINGLE-ANNOTATED-BRONZE	Bronze		C16H30O2	SECPZKHBENQXJG-BQYQJAHWSA-N	SECPZKHBENQXJG	Lipids and lipid-like molecules	Fatty Acyls	Fatty acids and conjugates	Fatty Acids and Conjugates	Unsaturated fatty acids	Fatty acids	mzspec:GNPS:GNPS-LIBRARY:CCMSLIB00003136157
CCMSLIB00006683541	258	spectra_filtered.mgf	MONA.mgf	0.893	273083.0	0	3741.96	6	1.00323	269.107	1	temp/spectra_filtered.mgf258	1	ADENOSINE	ESI	qTof	isolated	MoNA	MoNA:MoNA036138	M+H	268.104	0.0	1	N/A	N/A	C([C@@H]1[C@H]([C@H]([C@H](N2C=NC3=C2N=CN=C3N)O1)O)O)O	"""InChI=1S/C10H13N5O4/c11-8-5-9(13-2-12-8)15(3-14-5)10-7(18)6(17)4(1-16)19-10/h2-4,6-7,10,16-18H,1H2,(H2,11,12,13)/t4-,6-,7-,10-/m1/s1"""	N/A	3	positive	MONA	268.104	UPDATE-SINGLE-ANNOTATED-BRONZE	Bronze		C10H13N5O4	OIRDTQYFTABQOQ-KQYNXXCUSA-N	OIRDTQYFTABQOQ	N/A	N/A	N/A	Nucleosides	Purine nucleos(t)ides	Carbohydrates	mzspec:GNPS:GNPS-LIBRARY:CCMSLIB00006683541
CCMSLIB00003136157	168	spectra_filtered.mgf	GNPS-NIST14-MATCHES.mgf	0.89227	111802.0	0	3856.13	9	0.984207	254.248	1	temp/spectra_filtered.mgf168	1	Spectral Match to Palmitelaidic acid from NIST14	ESI	qTof	Isolated	Data from Wolfender/Litaudon	Data deposited by pmallard	M+H	255.232	254.225	1	10030736	N/A	CCCCCC/C=C/CCCCCCCC(=O)O	InChI=1S/C16H30O2/c1-2-3-4-5-6-7-8-9-10-11-12-13-14-15-16(17)18/h7-8H,2-6,9-15H2,1H3,(H,17,18)/b8-7+	N/A	3	Positive	GNPS-NIST14-MATCHES	255.232	UPDATE-SINGLE-ANNOTATED-BRONZE	Bronze		C16H30O2	SECPZKHBENQXJG-BQYQJAHWSA-N	SECPZKHBENQXJG	Lipids and lipid-like molecules	Fatty Acyls	Fatty acids and conjugates	Fatty Acids and Conjugates	Unsaturated fatty acids	Fatty acids	mzspec:GNPS:GNPS-LIBRARY:CCMSLIB00003136157
CCMSLIB00003136870	105	spectra_filtered.mgf	GNPS-NIST14-MATCHES.mgf	0.887364	34390800.0	0	3954.55	10	1.12018	282.143	1	temp/spectra_filtered.mgf105	1	Spectral Match to Elaidic acid from NIST14	ESI	QqQ	Isolated	Data from Gabriel Haddad	Data deposited by mjmeehan	M+H	283.263	0.0	1	112798	N/A	N/A	N/A	N/A	3	Positive	GNPS-NIST14-MATCHES	283.263	UPDATE-SINGLE-ANNOTATED-BRONZE	Bronze		N/A	N/A	N/A	N/A	N/A	N/A	N/A	N/A	N/A	mzspec:GNPS:GNPS-LIBRARY:CCMSLIB00003136870
CCMSLIB00003137784	66	spectra_filtered.mgf	GNPS-NIST14-MATCHES.mgf	0.884628	4443210.0	0	1.62457	10	0.000915527	563.551	1	temp/spectra_filtered.mgf66	1	Spectral Match to 9-Octadecenamide, (Z)- from NIST14	ESI	QqQ	Isolated	Data from Pieter Dorrestein	Data deposited by daniel	2M+H	563.552	0.0	1	301020	N/A	N/A	N/A	N/A	3	Positive	GNPS-NIST14-MATCHES	563.552	UPDATE-SINGLE-ANNOTATED-BRONZE	Bronze		N/A	N/A	N/A	N/A	N/A	N/A	N/A	N/A	N/A	mzspec:GNPS:GNPS-LIBRARY:CCMSLIB00003137784
CCMSLIB00000565916	71	spectra_filtered.mgf	MONA.mgf	0.883045	3367370.0	0	979.281	10	0.241882	247.242	1	temp/spectra_filtered.mgf71	1	MoNA:2479447 O-Galactosylsphingosine	LC-ESI-IT	LC-ESI-IT	isolated	MoNA	MoNA	[M+H]+	247.0	0.0	1	N/A	N/A	CCCCCCCCCCCCC/C=C/[C@@H](O)[C@@H](N)CO[C@@H]1O[C@H](CO)[C@H](O)[C@H](O)[C@H]1O	InChI=1S/C24H47NO7/c1-2-3-4-5-6-7-8-9-10-11-12-13-14-15-19(27)18(25)17-31-24-23(30)22(29)21(28)20(16-26)32-24/h14-15,18-24,26-30H,2-13,16-17,25H2,1H3/b15-14+/t18-,19+,20+,21-,22-,23+,24+/m0/s1	N/A	3		MONA	247.0	UPDATE-SINGLE-ANNOTATED-BRONZE	Bronze		C24H47NO7	HHJTWTPUPVQKNA-PIIMIWFASA-N	HHJTWTPUPVQKNA	Lipids and lipid-like molecules	Sphingolipids	Glycosphingolipids	Sphingolipids	Neutral glycosphingolipids|Sphingoid bases	Fatty acids	mzspec:GNPS:GNPS-LIBRARY:CCMSLIB00000565916
CCMSLIB00004715877	44	spectra_filtered.mgf	MONA.mgf	0.882701	930567.0	0	91.6124	7	0.0325317	355.069	1	temp/spectra_filtered.mgf44	1	(1S,3R,4S,5R)-4-{[(2E)-3-(3,4-dihydroxyphenyl)prop-2-enoyl]oxy}-1,3,5-trihydroxycyclohexane-1-carboxylic acid	N/A	ESI-QFT	isolated	MoNA	MoNA:VF-NPL-QEHF024814	[M+H]+	355.102	0.0	1	N/A	N/A	O=C(/C=C/c1ccc(O)c(O)c1)O[C@H]1[C@H](O)C[C@](O)(C(=O)O)C[C@H]1O	InChI=1S/C16H18O9/c17-9-3-1-8(5-10(9)18)2-4-13(21)25-14-11(19)6-16(24,15(22)23)7-12(14)20/h1-5,11-12,14,17-20,24H,6-7H2,(H,22,23)/b4-2+/t11-,12-,14-,16+/m1/s1	N/A	3	positive	MONA	355.102	UPDATE-SINGLE-ANNOTATED-BRONZE	Bronze		C16H18O9	GYFFKZTYYAFCTR-JUHZACGLSA-N	GYFFKZTYYAFCTR	Organic oxygen compounds	Organooxygen compounds	Alcohols and polyols	Phenylpropanoids (C6-C3)	Cinnamic acids and derivatives	Shikimates and Phenylpropanoids	mzspec:GNPS:GNPS-LIBRARY:CCMSLIB00004715877
CCMSLIB00003138305	511	spectra_filtered.mgf	GNPS-NIST14-MATCHES.mgf	0.882154	126991.0	0	19.8459	6	0.00389099	196.064	1	temp/spectra_filtered.mgf511	1	Spectral Match to 2-(N-Morpholino)ethanesulfonic acid from NIST14	ESI	Ion Trap	Isolated	Data from Pieter Dorrestein	Data deposited by t3hdon	M+H	196.06	195.057	1	4432319	N/A	C1COCCN1CCS(=O)(=O)O	InChI=1S/C6H13NO4S/c8-12(9,10)6-3-7-1-4-11-5-2-7/h1-6H2,(H,8,9,10)	N/A	3	Positive	GNPS-NIST14-MATCHES	196.06	UPDATE-SINGLE-ANNOTATED-BRONZE	Bronze		C6H13NO4S	SXGZJKUKBWWHRA-UHFFFAOYSA-N	SXGZJKUKBWWHRA	Organoheterocyclic compounds	Oxazinanes	Morpholines	Lysine alkaloids	Piperidine alkaloids	Alkaloids	mzspec:GNPS:GNPS-LIBRARY:CCMSLIB00003138305
CCMSLIB00006121569	692	spectra_filtered.mgf	BIRMINGHAM-UHPLC-MS-POS.mgf	0.870898	546019.0	0	0.827643	6	0.000213623	258.11	0	temp/spectra_filtered.mgf692	1	L-alpha-Glycerylphosphorylcholine - 40.0 eV	ESI	Orbitrap	Isolated	PI	Data Collector	M+H	258.11	0.0	1		N/A	C[N+](C)(C)CCOP(=O)([O-])OC[C@@H](CO)O	InChI=1S/C8H20NO6P/c1-9(2,3)4-5-14-16(12,13)15-7-8(11)6-10/h8,10-11H,4-7H2,1-3H3/t8-/m1/s1	N/A	1	Positive	BIRMINGHAM-UHPLC-MS-POS	258.11	UPDATE-SINGLE-ANNOTATED-GOLD	Gold		N/A	SUHOQUVVVLNYQR-MRVPVSSYSA-N	SUHOQUVVVLNYQR	Lipids and lipid-like molecules	Glycerophospholipids	Glycerophosphocholines	N/A	N/A	N/A	mzspec:GNPS:GNPS-LIBRARY:CCMSLIB00006121569
CCMSLIB00003140197	632	spectra_filtered.mgf	GNPS-NIST14-MATCHES.mgf	0.861344	9053140.0	0	3810.53	9	0.911118	238.194	1	temp/spectra_filtered.mgf632	1	Spectral Match to 4-(2-Hydroxyethyl)piperazine-1-ethanesulfonic acid from NIST14	ESI	IT/ion trap	Isolated	Data from Luan	Data deposited by rsilva	M+H	239.105	0.0	1	7365459	N/A	N/A	N/A	N/A	3	Positive	GNPS-NIST14-MATCHES	239.105	UPDATE-SINGLE-ANNOTATED-BRONZE	Bronze		N/A	N/A	N/A	N/A	N/A	N/A	N/A	N/A	N/A	mzspec:GNPS:GNPS-LIBRARY:CCMSLIB00003140197
CCMSLIB00003137650	169	spectra_filtered.mgf	GNPS-NIST14-MATCHES.mgf	0.860767	214050.0	0	3550.04	9	1.00211	283.282	1	temp/spectra_filtered.mgf169	1	Spectral Match to 9-Octadecenamide, (Z)- from NIST14	ESI	qTof	Isolated	Data from Wolfender/Litaudon	Data deposited by pmallard	M+H	282.28	281.272	1	301020	N/A	CCCCCCCC/C=C\CCCCCCCC(=O)N	InChI=1S/C18H35NO/c1-2-3-4-5-6-7-8-9-10-11-12-13-14-15-16-17-18(19)20/h9-10H,2-8,11-17H2,1H3,(H2,19,20)/b10-9-	N/A	3	Positive	GNPS-NIST14-MATCHES	282.28	UPDATE-SINGLE-ANNOTATED-BRONZE	Bronze		C18H35NO	FATBGEAMYMYZAF-KTKRTIGZSA-N	FATBGEAMYMYZAF	Lipids and lipid-like molecules	Fatty Acyls	Fatty amides	Fatty amides	Primary amides	Fatty acids	mzspec:GNPS:GNPS-LIBRARY:CCMSLIB00003137650
CCMSLIB00000206073	117	spectra_filtered.mgf	MASSBANK.mgf	0.859755	4342690.0	0	438.663	10	0.169922	387.193	1	temp/spectra_filtered.mgf117	1	Massbank: Cholesterol	ESI	LC-ESI-QTOF	Isolated	Putative Massbank Match	Massbank	[M+H]+	387.363	0.0	1	N/A	N/A	[H]C(C([H])([H])C([H])([H])C([H])([H])C(C(C4([H])[H])([H])C(C([H])([H])[H])(C3([H])[H])C(C4([H])[H])([H])C([H])(C([H])(C3([H])[H])1)C([H])([H])C([H])=C(C([H])([H])2)C1(C([H])([H])C([H])([H])C([H])(O[H])2)C([H])([H])[H])(C([H])([H])[H])[H])(C([H])([H])[H])C([H])([H])[H]	1S/C27H46O/c1-18(2)7-6-8-19(3)23-11-12-24-22-10-9-20-17-21(28)13-15-26(20,4)25(22)14-16-27(23,24)5/h9,18-19,21-25,28H,6-8,10-17H2,1-5H3	N/A	3	Positive	MASSBANK	387.363	UPDATE-SINGLE-ANNOTATED-BRONZE	Bronze		C27H46O	HVYWMOMLDIMFJA-UHFFFAOYSA-N	HVYWMOMLDIMFJA	Lipids and lipid-like molecules	Steroids and steroid derivatives	Cholestane steroids	Steroids	Cholestane steroids	Terpenoids	mzspec:GNPS:GNPS-LIBRARY:CCMSLIB00000206073
CCMSLIB00003140197	597	spectra_filtered.mgf	GNPS-NIST14-MATCHES.mgf	0.859376	10299600.0	0	3797.64	9	0.908035	238.197	0	temp/spectra_filtered.mgf597	1	Spectral Match to 4-(2-Hydroxyethyl)piperazine-1-ethanesulfonic acid from NIST14	ESI	IT/ion trap	Isolated	Data from Luan	Data deposited by rsilva	M+H	239.105	0.0	1	7365459	N/A	N/A	N/A	N/A	3	Positive	GNPS-NIST14-MATCHES	239.105	UPDATE-SINGLE-ANNOTATED-BRONZE	Bronze		N/A	N/A	N/A	N/A	N/A	N/A	N/A	N/A	N/A	mzspec:GNPS:GNPS-LIBRARY:CCMSLIB00003140197
CCMSLIB00003139895	74	spectra_filtered.mgf	GNPS-NIST14-MATCHES.mgf	0.858041	8174470.0	0	1.95587	9	0.000518799	265.253	1	temp/spectra_filtered.mgf74	1	Spectral Match to 9-Octadecenamide, (Z)- from NIST14	ESI	HCD	Isolated	Data from Wolfender/Litaudon	Data deposited by pmallard	M+H-NH3	265.252	0.0	1	301020	N/A	N/A	N/A	N/A	3	Positive	GNPS-NIST14-MATCHES	265.252	UPDATE-SINGLE-ANNOTATED-BRONZE	Bronze		N/A	N/A	N/A	N/A	N/A	N/A	N/A	N/A	N/A	mzspec:GNPS:GNPS-LIBRARY:CCMSLIB00003139895
CCMSLIB00003136083	690	spectra_filtered.mgf	GNPS-NIST14-MATCHES.mgf	0.85722	160904.0	0	1.83353	7	0.000335693	183.086	0	temp/spectra_filtered.mgf690	1	Spectral Match to D-Sorbitol from NIST14	ESI	qTof	Isolated	Data from Joshua Wollam	Data deposited by fevargas	M+H	183.086	182.079	1	50704	N/A	C([C@H]([C@H]([C@@H]([C@H](CO)O)O)O)O)O	InChI=1S/C6H14O6/c7-1-3(9)5(11)6(12)4(10)2-8/h3-12H,1-2H2/t3-,4+,5-,6-/m1/s1	N/A	3	Positive	GNPS-NIST14-MATCHES	183.086	UPDATE-SINGLE-ANNOTATED-BRONZE	Bronze		C6H14O6	FBPFZTCFMRRESA-JGWLITMVSA-N	FBPFZTCFMRRESA	Organic oxygen compounds	Organooxygen compounds	Carbohydrates and carbohydrate conjugates	Saccharides	Monosaccharides	Carbohydrates	mzspec:GNPS:GNPS-LIBRARY:CCMSLIB00003136083
CCMSLIB00003138450	194	spectra_filtered.mgf	GNPS-NIST14-MATCHES.mgf	0.856149	6889590.0	0	270.129	6	0.036499	135.081	1	temp/spectra_filtered.mgf194	1	Spectral Match to .alpha.-Pinene oxide from NIST14	ESI	qTof	Isolated	Data from Gabriel Haddad	Data deposited by mjmeehan	M+H-H2O	135.117	152.12	1	1686142	N/A	CC1(C2CC1C3(C(C2)O3)C)C	InChI=1S/C10H16O/c1-9(2)6-4-7(9)10(3)8(5-6)11-10/h6-8H,4-5H2,1-3H3	N/A	3	Positive	GNPS-NIST14-MATCHES	135.117	UPDATE-SINGLE-ANNOTATED-BRONZE	Bronze		C10H16O	NQFUSWIGRKFAHK-UHFFFAOYSA-N	NQFUSWIGRKFAHK	Lipids and lipid-like molecules	Prenol lipids	Monoterpenoids	Monoterpenoids	Pinane monoterpenoids	Terpenoids	mzspec:GNPS:GNPS-LIBRARY:CCMSLIB00003138450
CCMSLIB00003140197	635	spectra_filtered.mgf	GNPS-NIST14-MATCHES.mgf	0.854162	10405700.0	0	3824.19	9	0.914383	238.191	1	temp/spectra_filtered.mgf635	1	Spectral Match to 4-(2-Hydroxyethyl)piperazine-1-ethanesulfonic acid from NIST14	ESI	IT/ion trap	Isolated	Data from Luan	Data deposited by rsilva	M+H	239.105	0.0	1	7365459	N/A	N/A	N/A	N/A	3	Positive	GNPS-NIST14-MATCHES	239.105	UPDATE-SINGLE-ANNOTATED-BRONZE	Bronze		N/A	N/A	N/A	N/A	N/A	N/A	N/A	N/A	N/A	mzspec:GNPS:GNPS-LIBRARY:CCMSLIB00003140197
CCMSLIB00003140197	634	spectra_filtered.mgf	GNPS-NIST14-MATCHES.mgf	0.854162	10405700.0	0	3794.83	9	0.907364	238.198	1	temp/spectra_filtered.mgf634	1	Spectral Match to 4-(2-Hydroxyethyl)piperazine-1-ethanesulfonic acid from NIST14	ESI	IT/ion trap	Isolated	Data from Luan	Data deposited by rsilva	M+H	239.105	0.0	1	7365459	N/A	N/A	N/A	N/A	3	Positive	GNPS-NIST14-MATCHES	239.105	UPDATE-SINGLE-ANNOTATED-BRONZE	Bronze		N/A	N/A	N/A	N/A	N/A	N/A	N/A	N/A	N/A	mzspec:GNPS:GNPS-LIBRARY:CCMSLIB00003140197
CCMSLIB00003140197	636	spectra_filtered.mgf	GNPS-NIST14-MATCHES.mgf	0.854051	7984520.0	0	3820.81	9	0.913574	238.191	1	temp/spectra_filtered.mgf636	1	Spectral Match to 4-(2-Hydroxyethyl)piperazine-1-ethanesulfonic acid from NIST14	ESI	IT/ion trap	Isolated	Data from Luan	Data deposited by rsilva	M+H	239.105	0.0	1	7365459	N/A	N/A	N/A	N/A	3	Positive	GNPS-NIST14-MATCHES	239.105	UPDATE-SINGLE-ANNOTATED-BRONZE	Bronze		N/A	N/A	N/A	N/A	N/A	N/A	N/A	N/A	N/A	mzspec:GNPS:GNPS-LIBRARY:CCMSLIB00003140197
CCMSLIB00005722214	90	spectra_filtered.mgf	GNPS-NIH-NATURALPRODUCTSLIBRARY_ROUND2_POSITIVE.mgf	0.845717	3389440.0	0	3313.53	12	0.984924	296.258	1	temp/spectra_filtered.mgf90	1	NCGC00381425-01!8-hydroxy-8-(3-octyloxiran-2-yl)octanoic acid [IIN-based on: CCMSLIB00000846585]	LC-ESI	Orbitrap	Commercial	Pieter Dorrestein	lfnothias/robinschmid	[M-H2O+H]+	297.243	314.246	1	N/A	N/A	CCCCCCCCC1OC1C(O)CCCCCCC(O)=O	InChI=1S/C18H34O4/c1-2-3-4-5-6-10-13-16-18(22-16)15(19)12-9-7-8-11-14-17(20)21/h15-16,18-19H,2-14H2,1H3,(H,20,21)	N/A	3	Positive	GNPS-NIH-NATURALPRODUCTSLIBRARY_ROUND2_POSITIVE	297.243	UPDATE-SINGLE-ANNOTATED-BRONZE	Bronze		C18H34O4	GQEOLYBERRZZCE-UHFFFAOYSA-N	GQEOLYBERRZZCE	Lipids and lipid-like molecules	Fatty Acyls	Lineolic acids and derivatives	Octadecanoids	Other Octadecanoids	Fatty acids	mzspec:GNPS:GNPS-LIBRARY:CCMSLIB00005722214
CCMSLIB00003140197	600	spectra_filtered.mgf	GNPS-NIST14-MATCHES.mgf	0.845362	406523000.0	0	2.93555	9	0.000701904	239.106	1	temp/spectra_filtered.mgf600	1	Spectral Match to 4-(2-Hydroxyethyl)piperazine-1-ethanesulfonic acid from NIST14	ESI	IT/ion trap	Isolated	Data from Luan	Data deposited by rsilva	M+H	239.105	0.0	1	7365459	N/A	N/A	N/A	N/A	3	Positive	GNPS-NIST14-MATCHES	239.105	UPDATE-SINGLE-ANNOTATED-BRONZE	Bronze		N/A	N/A	N/A	N/A	N/A	N/A	N/A	N/A	N/A	mzspec:GNPS:GNPS-LIBRARY:CCMSLIB00003140197
CCMSLIB00010103136	750	spectra_filtered.mgf	BERKELEY-LAB.mgf	0.841153	875211.0	0	0.522803	6	9.15527e-05	175.119	1	temp/spectra_filtered.mgf750	1	L-arginine CollisionEnergy:102040	LC-ESI	Orbitrap	Commercial	Trent Northen	JGI	M+H	175.119	0.0	1	N/A	N/A	N=C(N)NCCC[C@H](N)C(=O)O	"""InChI=1S/C6H14N4O2/c7-4(5(11)12)2-1-3-10-6(8)9/h4H,1-3,7H2,(H,11,12)(H4,8,9,10)/t4-/m0/s1"""	N/A	3	Positive	BERKELEY-LAB	175.119	UPDATE-SINGLE-ANNOTATED-BRONZE	Bronze		C6H14N4O2	ODKSFYDXXFIFQN-BYPYZUCNSA-N	ODKSFYDXXFIFQN	Organic acids and derivatives	Carboxylic acids and derivatives	Amino acids, peptides, and analogues	Small peptides	Aminoacids	Amino acids and Peptides	mzspec:GNPS:GNPS-LIBRARY:CCMSLIB00010103136
CCMSLIB00013576248	663	spectra_filtered.mgf	CMMC-FOOD-BIOMARKERS.mgf	0.840117	128793.0	0	0.530527	8	0.000183105	345.139	1	temp/spectra_filtered.mgf663	1	Isomalt (known structural isomers: 2; isobaric peaks in run: 0)	LC-ESI	Orbitrap	Crude	Pieter Dorrestein	Julius	[M+H]+	345.139	344.132	1	N/A	N/A	C([C@@H]1[C@H]([C@@H]([C@H]([C@H](O1)OC[C@H]([C@H]([C@@H](C(CO)O)O)O)O)O)O)O)O	InChI=1S/C12H24O11/c13-1-4(15)7(17)8(18)5(16)3-22-12-11(21)10(20)9(19)6(2-14)23-12/h4-21H,1-3H2/t4?,5-,6-,7-,8-,9-,10+,11-,12+/m1/s1	InChI=1S/C12H24O11/c13-1-4(15)7(17)8(18)5(16)3-22-12-11(21)10(20)9(19)6(2-14)23-12/h4-21H,1-3H2/t4?,5-,6-,7-,8-,9-,10+,11-,12+/m1/s1 [M+H]+	1	Positive	CMMC-FOOD-BIOMARKERS	345.139	UPDATE-SINGLE-ANNOTATED-GOLD	Gold		C12H24O11	SERLAGPUMNYUCK-BLEZHGCXSA-N	SERLAGPUMNYUCK	Lipids and lipid-like molecules	Fatty Acyls	Fatty acyl glycosides				mzspec:GNPS:GNPS-LIBRARY:CCMSLIB00013576248
CCMSLIB00004701792	47	spectra_filtered.mgf	MONA.mgf	0.839222	789692.0	0	4440.46	13	1.98535	445.12	1	temp/spectra_filtered.mgf47	1	(1S,3R,6R,7S,8S,10R,13S,16S,17R)-8-tert-butyl-6,17-dihydroxy-16-methyl-2,4,14,19-tetraoxahexacyclo[8.7.2.0ą,ąą.0ł,?.0?,ąą.0ął,ą?]nonadecane-5,15,18-trione	N/A	ESI-QFT	isolated	MoNA	MoNA:VF-NPL-QEHF010729	[M+K]+	447.105	0.0	1	N/A	N/A	C[C@@H]1C(=O)O[C@H]2CC34[C@H]5C[C@@H](C(C)(C)C)[C@]36[C@@H](OC(=O)[C@@H]6O)O[C@]4(C(=O)O5)[C@]21O	InChI=1S/C20H24O9/c1-7-12(22)26-10-6-17-9-5-8(16(2,3)4)18(17)11(21)13(23)28-15(18)29-20(17,14(24)27-9)19(7,10)25/h7-11,15,21,25H,5-6H2,1-4H3/t7-,8+,9-,10+,11+,15+,17?,18+,19-,20+/m1/s1	N/A	3	positive	MONA	447.105	UPDATE-SINGLE-ANNOTATED-BRONZE	Bronze		C20H24O9	FPUXKXIZEIDQKW-ARBRPXJKSA-N	FPUXKXIZEIDQKW	Lipids and lipid-like molecules	Prenol lipids	Terpene lactones	Sesquiterpenoids	Prezizaane sesquiterpenoids	Terpenoids	mzspec:GNPS:GNPS-LIBRARY:CCMSLIB00004701792
CCMSLIB00005884964	736	spectra_filtered.mgf	GNPS-LIBRARY.mgf	0.838511	131283.0	0	1.50016	6	0.000274658	183.086	0	temp/spectra_filtered.mgf736	1	D-SORBITOL - 40.0 eV	ESI	Orbitrap	Isolated	Madeleine Ernst	Anna Abrahamsson	M+H	183.086	0.0	1	50-70-4	N/A	OC[C@H](O)[C@@H](O)[C@H](O)[C@H](O)CO	InChI=1S/C6H14O6/c7-1-3(9)5(11)6(12)4(10)2-8/h3-12H,1-2H2/t3-,4+,5-,6-/m1/s1	N/A	1	Positive	GNPS-LIBRARY	183.086	UPDATE-SINGLE-ANNOTATED-GOLD	Gold		C6H14O6	FBPFZTCFMRRESA-JGWLITMVSA-N	FBPFZTCFMRRESA	Organic oxygen compounds	Organooxygen compounds	Carbohydrates and carbohydrate conjugates	Saccharides	Monosaccharides	Carbohydrates	mzspec:GNPS:GNPS-LIBRARY:CCMSLIB00005884964
CCMSLIB00013576563	91	spectra_filtered.mgf	CMMC-FOOD-BIOMARKERS.mgf	0.835058	6666000.0	0	3522.78	8	0.983673	278.248	1	temp/spectra_filtered.mgf91	1	gamma-Linolenic acid (known structural isomers: 0; isobaric peaks in run: 2)	LC-ESI	Orbitrap	Crude	Pieter Dorrestein	Julius	[M+H]+	279.232	278.225	1	N/A	N/A	CCCCC/C=C\C/C=C\C/C=C\CCCCC(=O)O	InChI=1S/C18H30O2/c1-2-3-4-5-6-7-8-9-10-11-12-13-14-15-16-17-18(19)20/h6-7,9-10,12-13H,2-5,8,11,14-17H2,1H3,(H,19,20)/b7-6-,10-9-,13-12-	InChI=1S/C18H30O2/c1-2-3-4-5-6-7-8-9-10-11-12-13-14-15-16-17-18(19)20/h6-7,9-10,12-13H,2-5,8,11,14-17H2,1H3,(H,19,20)/b7-6-,10-9-,13-12- [M+H]+	1	Positive	CMMC-FOOD-BIOMARKERS	279.232	UPDATE-SINGLE-ANNOTATED-GOLD	Gold		C18H30O2	VZCCETWTMQHEPK-QNEBEIHSSA-N	VZCCETWTMQHEPK	Lipids and lipid-like molecules	Fatty Acyls	Lineolic acids and derivatives	Fatty Acids and Conjugates	Unsaturated fatty acids	Fatty acids	mzspec:GNPS:GNPS-LIBRARY:CCMSLIB00013576563
CCMSLIB00004711170	560	spectra_filtered.mgf	MONA.mgf	0.824906	647035.0	0	3519.5	7	1.03165	294.155	1	temp/spectra_filtered.mgf560	1	(3R)-4,4-dimethyl-3-[(2S,3R,4S,5S,6R)-3,4,5-trihydroxy-6-(hydroxymethyl)oxan-2-yl]oxyoxolan-2-one	N/A	ESI-QFT	isolated	MoNA	MoNA:VF-NPL-QEHF020107	[M+H]+	293.123	0.0	1	N/A	N/A	CC1(C)COC(=O)[C@@H]1O[C@@H]1O[C@H](CO)[C@@H](O)[C@H](O)[C@H]1O	InChI=1S/C12H20O8/c1-12(2)4-18-10(17)9(12)20-11-8(16)7(15)6(14)5(3-13)19-11/h5-9,11,13-16H,3-4H2,1-2H3/t5-,6-,7+,8-,9+,11+/m1/s1	N/A	3	positive	MONA	293.123	UPDATE-SINGLE-ANNOTATED-BRONZE	Bronze		C12H20O8	BFCZPWYLRHFBNO-DTJAAUDXSA-N	BFCZPWYLRHFBNO	Lipids and lipid-like molecules	Fatty Acyls	Fatty acyl glycosides	Monoterpenoids	Secoiridoid monoterpenoids	Terpenoids	mzspec:GNPS:GNPS-LIBRARY:CCMSLIB00004711170
CCMSLIB00000471426	56	spectra_filtered.mgf	GNPS-LIBRARY.mgf	0.823595	14010300.0	0	22.8989	9	0.0199585	871.573	1	temp/spectra_filtered.mgf56	1	Pheophytin A	LC-ESI	qTof	Crude	Pieter C. Dorrestein	Don D. Nguyen	M+H	871.593	870.566	1	603-17-8	 	 	 	 	3	Positive	GNPS-LIBRARY	871.593	UPDATE-SINGLE-ANNOTATED-BRONZE	Bronze		N/A	N/A	N/A	N/A	N/A	N/A	N/A	N/A	N/A	mzspec:GNPS:GNPS-LIBRARY:CCMSLIB00000471426
CCMSLIB00003134722	93	spectra_filtered.mgf	GNPS-NIST14-MATCHES.mgf	0.821513	711668.0	0	71.2578	6	0.0198975	279.252	1	temp/spectra_filtered.mgf93	1	Spectral Match to 9(10)-EpOME from NIST14	ESI	qTof	Isolated	Data from Wolfender/Litaudon	Data deposited by pmallard	M+H-H2O	279.232	296.235	1	N/A	N/A	CCCCC/C=C\CC1C(O1)CCCCCCCC(=O)O	InChI=1S/C18H32O3/c1-2-3-4-5-7-10-13-16-17(21-16)14-11-8-6-9-12-15-18(19)20/h7,10,16-17H,2-6,8-9,11-15H2,1H3,(H,19,20)/b10-7-	N/A	3	Positive	GNPS-NIST14-MATCHES	279.232	UPDATE-SINGLE-ANNOTATED-BRONZE	Bronze		C18H32O3	FBUKMFOXMZRGRB-YFHOEESVSA-N	FBUKMFOXMZRGRB	N/A	N/A	N/A	Fatty Acids and Conjugates	Epoxy fatty acids	Fatty acids	mzspec:GNPS:GNPS-LIBRARY:CCMSLIB00003134722
CCMSLIB00000004934	75	spectra_filtered.mgf	GNPS-SELLECKCHEM-FDA-PART1.mgf	0.818221	3035860.0	0	2026.35	6	0.855469	421.317	1	temp/spectra_filtered.mgf75	1	TopotecanHCl	LC-ESI	qTof	Isolated	Sirenas	Ed Esquenazi 	M+H	422.172	457.14	1	N/A	N/A	CC[C@@]1(C2=C(COC1=O)C(=O)N3CC4=CC5=C(C=CC(=C5CN(C)C)O)N=C4C3=C2)O.Cl	InChI=1S/C23H23N3O5.ClH/c1-4-23(30)16-8-18-20-12(9-26(18)21(28)15(16)11-31-22(23)29)7-13-14(10-25(2)3)19(27)6-5-17(13)24-20;/h5-8,27,30H,4,9-11H2,1-3H3;1H/t23-;/m0./s1	N/A	3	Positive	GNPS-SELLECKCHEM-FDA-PART1	422.172	UPDATE-SINGLE-ANNOTATED-BRONZE	Bronze		C23H24ClN3O5	DGHHQBMTXTWTJV-BQAIUKQQSA-N	DGHHQBMTXTWTJV	N/A	N/A	N/A	Tryptophan alkaloids	Pyrroloquinoline alkaloids	Alkaloids	mzspec:GNPS:GNPS-LIBRARY:CCMSLIB00000004934
CCMSLIB00005722214	60	spectra_filtered.mgf	GNPS-NIH-NATURALPRODUCTSLIBRARY_ROUND2_POSITIVE.mgf	0.816082	3241530.0	0	3191.66	11	0.9487	296.294	1	temp/spectra_filtered.mgf60	1	NCGC00381425-01!8-hydroxy-8-(3-octyloxiran-2-yl)octanoic acid [IIN-based on: CCMSLIB00000846585]	LC-ESI	Orbitrap	Commercial	Pieter Dorrestein	lfnothias/robinschmid	[M-H2O+H]+	297.243	314.246	1	N/A	N/A	CCCCCCCCC1OC1C(O)CCCCCCC(O)=O	InChI=1S/C18H34O4/c1-2-3-4-5-6-10-13-16-18(22-16)15(19)12-9-7-8-11-14-17(20)21/h15-16,18-19H,2-14H2,1H3,(H,20,21)	N/A	3	Positive	GNPS-NIH-NATURALPRODUCTSLIBRARY_ROUND2_POSITIVE	297.243	UPDATE-SINGLE-ANNOTATED-BRONZE	Bronze		C18H34O4	GQEOLYBERRZZCE-UHFFFAOYSA-N	GQEOLYBERRZZCE	Lipids and lipid-like molecules	Fatty Acyls	Lineolic acids and derivatives	Octadecanoids	Other Octadecanoids	Fatty acids	mzspec:GNPS:GNPS-LIBRARY:CCMSLIB00005722214
CCMSLIB00010076044	249	spectra_filtered.mgf	PNNL-LIPIDS-POSITIVE.mgf	0.814173	430130.0	0	0.45069	10	0.000366211	812.556	1	temp/spectra_filtered.mgf249	1	SQDG(16:0/16:0); [M+NH4]+ C41H82N1O12S1	LC-ESI	HCD; Velos	Commercial	Thomas Metz	Thomas Metz	M+NH4	812.556	0.0	1	N/A	N/A	N/A	N/A	N/A	1	Positive	PNNL-LIPIDS-POSITIVE	812.556	UPDATE-SINGLE-ANNOTATED-GOLD	Gold		N/A	N/A	N/A	N/A	N/A	N/A	N/A	N/A	N/A	mzspec:GNPS:GNPS-LIBRARY:CCMSLIB00010076044
CCMSLIB00003139867	189	spectra_filtered.mgf	GNPS-NIST14-MATCHES.mgf	0.806812	84649.1	0	3848.09	10	0.982147	254.248	1	temp/spectra_filtered.mgf189	1	Spectral Match to DL-.beta.-Hydroxypalmitic acid from NIST14	ESI	HCD	Isolated	Data from Wolfender/Litaudon	Data deposited by pmallard	M+H-H2O	255.23	0.0	1	2398347	N/A	N/A	N/A	N/A	3	Positive	GNPS-NIST14-MATCHES	255.23	UPDATE-SINGLE-ANNOTATED-BRONZE	Bronze		N/A	N/A	N/A	N/A	N/A	N/A	N/A	N/A	N/A	mzspec:GNPS:GNPS-LIBRARY:CCMSLIB00003139867
CCMSLIB00003134926	590	spectra_filtered.mgf	GNPS-NIST14-MATCHES.mgf	0.805977	1653020.0	0	2.68839	6	0.000701904	261.088	1	temp/spectra_filtered.mgf590	1	Spectral Match to 4-(2-Hydroxyethyl)piperazine-1-ethanesulfonic acid from NIST14	ESI	Ion Trap	Isolated	Data from Luan	Data deposited by rsilva	M+Na	261.087	238.099	1	7365459	N/A	C1CN(CCN1CCO)CCS(=O)(=O)O	InChI=1S/C8H18N2O4S/c11-7-5-9-1-3-10(4-2-9)6-8-15(12,13)14/h11H,1-8H2,(H,12,13,14)	N/A	3	Positive	GNPS-NIST14-MATCHES	261.087	UPDATE-SINGLE-ANNOTATED-BRONZE	Bronze		C8H18N2O4S	JKMHFZQWWAIEOD-UHFFFAOYSA-N	JKMHFZQWWAIEOD	Organoheterocyclic compounds	Diazinanes	Piperazines	Lysine alkaloids		Alkaloids	mzspec:GNPS:GNPS-LIBRARY:CCMSLIB00003134926
CCMSLIB00004707093	28	spectra_filtered.mgf	MONA.mgf	0.799956	1255190.0	0	998.518	15	0.848145	850.251	1	temp/spectra_filtered.mgf28	1	(2S,3S,4S,5R,6R)-6-[[(3S,4R,6aR,6bS,8aS,14bR)-4-(hydroxymethyl)-4,6a,6b,11,11,14b-hexamethyl-8a-[(2S,3R,4S,5S,6R)-3,4,5-trihydroxy-6-(hydroxymethyl)oxan-2-yl]oxycarbonyl-1,2,3,4a,5,6,7,8,9,10,12,12a,14,14a-tetradecahydropicen-3-yl]oxy]-3,4,5-trihydroxyoxane-2-carboxylic acid	N/A	ESI-QFT	isolated	MoNA	MoNA:VF-NPL-QEHF016030	[M+K]+	849.403	0.0	1	N/A	N/A	CC1(C)CC[C@]2(C(=O)O[C@@H]3O[C@H](CO)[C@@H](O)[C@H](O)[C@H]3O)CC[C@]3(C)C(=CCC4[C@@]5(C)CC[C@H](O[C@@H]6O[C@H](C(=O)O)[C@@H](O)[C@H](O)[C@H]6O)[C@@](C)(CO)C5CC[C@]43C)C2C1	InChI=1S/C42H66O15/c1-37(2)13-15-42(36(53)57-34-30(49)27(46)26(45)22(18-43)54-34)16-14-40(5)20(21(42)17-37)7-8-24-38(3)11-10-25(39(4,19-44)23(38)9-12-41(24,40)6)55-35-31(50)28(47)29(48)32(56-35)33(51)52/h7,21-32,34-35,43-50H,8-19H2,1-6H3,(H,51,52)/t21?,22-,23?,24?,25+,26-,27+,28+,29+,30-,31-,32+,34+,35-,38+,39+,40-,41-,42+/m1/s1	N/A	3	positive	MONA	849.403	UPDATE-SINGLE-ANNOTATED-BRONZE	Bronze		C42H66O15	RZQHWSDMLZHIRN-MCTPBCADSA-N	RZQHWSDMLZHIRN	Lipids and lipid-like molecules	Prenol lipids	Terpene glycosides	Triterpenoids	Oleanane triterpenoids	Terpenoids	mzspec:GNPS:GNPS-LIBRARY:CCMSLIB00004707093
CCMSLIB00003134926	658	spectra_filtered.mgf	GNPS-NIST14-MATCHES.mgf	0.798524	1734850.0	0	3.15594	6	0.000823975	261.088	1	temp/spectra_filtered.mgf658	1	Spectral Match to 4-(2-Hydroxyethyl)piperazine-1-ethanesulfonic acid from NIST14	ESI	Ion Trap	Isolated	Data from Luan	Data deposited by rsilva	M+Na	261.087	238.099	1	7365459	N/A	C1CN(CCN1CCO)CCS(=O)(=O)O	InChI=1S/C8H18N2O4S/c11-7-5-9-1-3-10(4-2-9)6-8-15(12,13)14/h11H,1-8H2,(H,12,13,14)	N/A	3	Positive	GNPS-NIST14-MATCHES	261.087	UPDATE-SINGLE-ANNOTATED-BRONZE	Bronze		C8H18N2O4S	JKMHFZQWWAIEOD-UHFFFAOYSA-N	JKMHFZQWWAIEOD	Organoheterocyclic compounds	Diazinanes	Piperazines	Lysine alkaloids		Alkaloids	mzspec:GNPS:GNPS-LIBRARY:CCMSLIB00003134926
CCMSLIB00004710906	135	spectra_filtered.mgf	MONA.mgf	0.794045	415843.0	0	3789.03	6	1.07269	284.178	1	temp/spectra_filtered.mgf135	1	cyclo(tyrosyl-prolyl)	N/A	ESI-QFT	isolated	MoNA	MoNA:VF-NPL-QEHF019843	[M+Na]+	283.105	0.0	1	N/A	N/A	O=C1C(Cc2ccc(O)cc2)N=C(O)C2CCCN12	InChI=1S/C14H16N2O3/c17-10-5-3-9(4-6-10)8-11-14(19)16-7-1-2-12(16)13(18)15-11/h3-6,11-12,17H,1-2,7-8H2,(H,15,18)	N/A	3	positive	MONA	283.105	UPDATE-SINGLE-ANNOTATED-BRONZE	Bronze		C14H16N2O3	LSGOTAXPWMCUCK-UHFFFAOYSA-N	LSGOTAXPWMCUCK	Organic acids and derivatives	Carboxylic acids and derivatives	Amino acids, peptides, and analogues			Amino acids and Peptides	mzspec:GNPS:GNPS-LIBRARY:CCMSLIB00004710906
CCMSLIB00005435825	26	spectra_filtered.mgf	GNPS-LIBRARY.mgf	0.792014	609725.0	0	1848.17	14	1.97815	1072.31	1	temp/spectra_filtered.mgf26	1	Contaminant vial septum ThermoFisher C5000-44B	LC-ESI	Orbitrap	Commercial	Contaminant vial septum ThermoFisher C5000-44B	lfnothias	M+NH4	1070.33	0.0	0	 	 	 	 	 	3	Positive	GNPS-LIBRARY	1070.33	UPDATE-SINGLE-ANNOTATED-BRONZE	Bronze		N/A	N/A	N/A	N/A	N/A	N/A	N/A	N/A	N/A	mzspec:GNPS:GNPS-LIBRARY:CCMSLIB00005435825
CCMSLIB00000565916	86	spectra_filtered.mgf	MONA.mgf	0.788151	748820.0	0	7181.39	9	1.7738	245.226	1	temp/spectra_filtered.mgf86	1	MoNA:2479447 O-Galactosylsphingosine	LC-ESI-IT	LC-ESI-IT	isolated	MoNA	MoNA	[M+H]+	247.0	0.0	1	N/A	N/A	CCCCCCCCCCCCC/C=C/[C@@H](O)[C@@H](N)CO[C@@H]1O[C@H](CO)[C@H](O)[C@H](O)[C@H]1O	InChI=1S/C24H47NO7/c1-2-3-4-5-6-7-8-9-10-11-12-13-14-15-19(27)18(25)17-31-24-23(30)22(29)21(28)20(16-26)32-24/h14-15,18-24,26-30H,2-13,16-17,25H2,1H3/b15-14+/t18-,19+,20+,21-,22-,23+,24+/m0/s1	N/A	3		MONA	247.0	UPDATE-SINGLE-ANNOTATED-BRONZE	Bronze		C24H47NO7	HHJTWTPUPVQKNA-PIIMIWFASA-N	HHJTWTPUPVQKNA	Lipids and lipid-like molecules	Sphingolipids	Glycosphingolipids	Sphingolipids	Neutral glycosphingolipids|Sphingoid bases	Fatty acids	mzspec:GNPS:GNPS-LIBRARY:CCMSLIB00000565916
CCMSLIB00005719966	447	spectra_filtered.mgf	LDB_POSITIVE.mgf	0.784989	107606.0	0	0.152502	6	3.05176e-05	200.113	1	temp/spectra_filtered.mgf447	1	D-Mannitol	LC-ESI	Orbitrap	Isolated	Jean-Luc WOLFENDER Pierre-Marie ALLARD	Damien OLIVIER	[M+NH4]	200.113	182.079	1	N/A	N/A	OC[C@@H](O)[C@@H](O)[C@H](O)[C@H](O)CO	"""InChI=1S/C6H14O6/c7-1-3(9)5(11)6(12)4(10)2-8/h3-12H,1-2H2/t3-,4-,5-,6-/m1/s1"""	N/A	3	Positive	LDB_POSITIVE	200.113	UPDATE-SINGLE-ANNOTATED-BRONZE	Bronze		C6H14O6	FBPFZTCFMRRESA-KVTDHHQDSA-N	FBPFZTCFMRRESA	Organic oxygen compounds	Organooxygen compounds	Carbohydrates and carbohydrate conjugates	Saccharides	Monosaccharides	Carbohydrates	mzspec:GNPS:GNPS-LIBRARY:CCMSLIB00005719966
CCMSLIB00012176426	452	spectra_filtered.mgf	GNPS-LIBRARY.mgf	0.783882	772058.0	0	6076.4	6	1.00307	166.079	1	temp/spectra_filtered.mgf452	1	Mannitol	LC-ESI	Orbitrap	Commercial	Taicia Fill	Marina Maximo	M+H-H2O	165.076	182.079	1	69-65-8	N/A	C([C@H]([C@H]([C@@H]([C@@H](CO)O)O)O)O)O	InChI=1S/C6H14O6/c7-1-3(9)5(11)6(12)4(10)2-8/h3-12H,1-2H2/t3-,4-,5-,6-/m1/s1	N/A	3	Positive	GNPS-LIBRARY	165.076	UPDATE-SINGLE-ANNOTATED-BRONZE	Bronze		C6H14O6	FBPFZTCFMRRESA-KVTDHHQDSA-N	FBPFZTCFMRRESA	Organic oxygen compounds	Organooxygen compounds	Carbohydrates and carbohydrate conjugates	Saccharides	Monosaccharides	Carbohydrates	mzspec:GNPS:GNPS-LIBRARY:CCMSLIB00012176426
CCMSLIB00005724648	78	spectra_filtered.mgf	GNPS-LIBRARY.mgf	0.778701	330762.0	0	119.366	7	0.0368042	308.294	1	temp/spectra_filtered.mgf78	1	(2R,6S)-2-methyl-6-[(3Z)-pentadec-3-en-1-yl]piperidine	ESI	Orbitrap	Isolated	Wolfender	Luis Quiros-Guerrero	M+H	308.331	307.324	1	N/A	N/A	CCCCCCCCCCC/C=C\CC[C@@H]1N[C@@H](C)CCC1	InChI=1S/C21H41N/c1-3-4-5-6-7-8-9-10-11-12-13-14-15-18-21-19-16-17-20(2)22-21/h13-14,20-22H,3-12,15-19H2,1-2H3/t20-,21-/m0/s1	N/A	1	Positive	GNPS-LIBRARY	308.331	UPDATE-SINGLE-ANNOTATED-GOLD	Gold		C21H41N	MQXBADSGHYCSEG-JWWMHJHTSA-N	MQXBADSGHYCSEG	N/A	N/A	N/A	Lysine alkaloids	Piperidine alkaloids	Alkaloids	mzspec:GNPS:GNPS-LIBRARY:CCMSLIB00005724648
CCMSLIB00016343993	95	spectra_filtered.mgf	GNPS-ALKYLAMINES-LIBRARY.mgf	0.768289	639108.0	0	2.40721	7	0.000549316	228.195	0	temp/spectra_filtered.mgf95	1	Cycloleucine_2-Heptanone (known isomers: 0; isobaric peaks in run: 1)	LC-ESI	Orbitrap	Crude	Pieter Dorrestein	Julius	[M+H]+	228.196	227.189	1	N/A	2-Heptanone_Amine_batch5_P5_E2.mzML:scan:4610	CCCCCC(C)NC1(C(=O)O)CCCC1	InChI=1S/C13H25NO2/c1-3-4-5-8-11(2)14-13(12(15)16)9-6-7-10-13/h11,14H,3-10H2,1-2H3,(H,15,16)		1	Positive	GNPS-ALKYLAMINES-LIBRARY	228.196	UPDATE-SINGLE-ANNOTATED-GOLD	Gold		C13H25NO2	XUBVKXDFQPXWCH-UHFFFAOYSA-N	XUBVKXDFQPXWCH	N/A	N/A	N/A				mzspec:GNPS:GNPS-LIBRARY:CCMSLIB00016343993
CCMSLIB00006552051	432	spectra_filtered.mgf	BMDMS-NP.mgf	0.763335	822553.0	0	7157.64	7	1.96899	273.121	1	temp/spectra_filtered.mgf432	1																																
CCMSLIB00006552051	509	spectra_filtered.mgf	BMDMS-NP.mgf	0.760141	20817400.0	0	7157.19	6	1.96887	273.121	1	temp/spectra_filtered.mgf509	1																																
CCMSLIB00003135379	57	spectra_filtered.mgf	GNPS-NIST14-MATCHES.mgf	0.759079	2088840.0	0	3042.57	8	0.947021	310.31	1	temp/spectra_filtered.mgf57	1	Spectral Match to Monopalmitolein (9c) from NIST14	ESI	HCD	Isolated	Data from Aaron Puri	Data deposited by daniel	M+H-H2O	311.257	0.0	1	37515610	N/A	N/A	N/A	N/A	3	Positive	GNPS-NIST14-MATCHES	311.257	UPDATE-SINGLE-ANNOTATED-BRONZE	Bronze		N/A	N/A	N/A	N/A	N/A	N/A	N/A	N/A	N/A	mzspec:GNPS:GNPS-LIBRARY:CCMSLIB00003135379
CCMSLIB00017431428	128	spectra_filtered.mgf	GNPS-ION-MOBILITY-LIBRARY.mgf	0.757114	228863.0	0	1940.62	8	1.00781	520.333	1	temp/spectra_filtered.mgf128	1	C23 3a, 7b_kojic acid [CCS=212.06292724609375]	LC-ESI	ToF	Crude	Pieter Dorrestein	victoriadeleray	[M+NH4]+	519.325	502.299	1	N/A	N/A	C[C@H](CC(=O)Oc1coc(CO)cc1=O)[C@H]1CC[C@H]2[C@@H]3[C@@H](O)C[C@@H]4C[C@H](O)CC[C@]4(C)[C@H]3CC[C@]12C	InChI=1S/C29H42O7/c1-16(10-26(34)36-25-15-35-19(14-30)13-23(25)32)20-4-5-21-27-22(7-9-29(20,21)3)28(2)8-6-18(31)11-17(28)12-24(27)33/h13,15-18,20-22,24,27,30-31,33H,4-12,14H2,1-3H3/t16-,17+,18-,20-,21+,22+,24+,27+,28+,29-/m1/s1	N/A	1	Positive	GNPS-ION-MOBILITY-LIBRARY	519.325	UPDATE-SINGLE-ANNOTATED-GOLD	Gold		C29H42O7	CJTAEJMPVLHPJH-ZWRVDEOFSA-N	CJTAEJMPVLHPJH	N/A	N/A	N/A	Steroids	Cholestane steroids	Terpenoids	mzspec:GNPS:GNPS-LIBRARY:CCMSLIB00017431428
CCMSLIB00000567955	166	spectra_filtered.mgf	MONA.mgf	0.755584	260191.0	0	3496.13	9	0.983276	280.264	1	temp/spectra_filtered.mgf166	1	MoNA:790536 Linoleic acid	LC-ESI	qTof	Isolated	MoNA	MoNA	M+H	281.247	280.24	1	N/A	N/A	CCCCC/C=C\C/C=C\CCCCCCCC(=O)O	InChI=1/C18H32O2/c1-2-3-4-5-6-7-8-9-10-11-12-13-14-15-16-17-18(19)20/h6-7,9-10H,2-5,8,11-17H2,1H3,(H,19,20)/b7-6-,10-9-/f/h19H	N/A	3	Positive	MONA	281.247	UPDATE-SINGLE-ANNOTATED-BRONZE	Bronze		C18H32O2	OYHQOLUKZRVURQ-HZJYTTRNSA-N	OYHQOLUKZRVURQ	Lipids and lipid-like molecules	Fatty Acyls	Lineolic acids and derivatives	Fatty Acids and Conjugates	Unsaturated fatty acids	Fatty acids	mzspec:GNPS:GNPS-LIBRARY:CCMSLIB00000567955
CCMSLIB00003138700	291	spectra_filtered.mgf	GNPS-NIST14-MATCHES.mgf	0.753738	186178.0	0	1.33662	6	0.000335693	251.15	1	temp/spectra_filtered.mgf291	1	Spectral Match to His-Ile from NIST14	ESI	IT/ion trap	Isolated	Data from Pieter Dorrestein	Data deposited by t3hdon	M+H-H2O	251.15	0.0	1	N/A	N/A	N/A	N/A	N/A	3	Positive	GNPS-NIST14-MATCHES	251.15	UPDATE-SINGLE-ANNOTATED-BRONZE	Bronze		N/A	N/A	N/A	N/A	N/A	N/A	N/A	N/A	N/A	mzspec:GNPS:GNPS-LIBRARY:CCMSLIB00003138700
CCMSLIB00004702119	439	spectra_filtered.mgf	MONA.mgf	0.753414	112279.0	0	9729.15	7	203.0	202.06	2	temp/spectra_filtered.mgf439	1	Sorbitol	N/A	ESI-QFT	isolated	MoNA	MoNA:VF-NPL-QEHF011056	[M+NH4]+	200.113	0.0	1	N/A	N/A	OC[C@@H](O)[C@@H](O)[C@H](O)[C@@H](O)CO	InChI=1S/C6H14O6/c7-1-3(9)5(11)6(12)4(10)2-8/h3-12H,1-2H2/t3-,4+,5-,6-/m1/s1	N/A	3	positive	MONA	200.113	UPDATE-SINGLE-ANNOTATED-BRONZE	Bronze		C6H14O6	FBPFZTCFMRRESA-JGWLITMVSA-N	FBPFZTCFMRRESA	Organic oxygen compounds	Organooxygen compounds	Carbohydrates and carbohydrate conjugates	Saccharides	Monosaccharides	Carbohydrates	mzspec:GNPS:GNPS-LIBRARY:CCMSLIB00004702119
CCMSLIB00016352303	540	spectra_filtered.mgf	GNPS-ALKYLAMINES-LIBRARY.mgf	0.75255	377671.0	0	1486.24	6	0.740387	498.901	0	temp/spectra_filtered.mgf540	1	Methionine_lactose (known isomers: 0; isobaric peaks in run: 0)	LC-ESI	Orbitrap	Crude	Pieter Dorrestein	Julius	[M+Na]+	498.161	475.172	1	N/A	lactose_Amine_batch1_P1_D11.mzML:scan:1285	CSCC[C@H](NC[C@H](O)[C@@H](O)[C@H](O[C@@H]1O[C@H](CO)[C@H](O)[C@H](O)[C@H]1O)[C@H](O)CO)C(=O)O	InChI=1S/C17H33NO12S/c1-31-3-2-7(16(27)28)18-4-8(21)11(23)15(9(22)5-19)30-17-14(26)13(25)12(24)10(6-20)29-17/h7-15,17-26H,2-6H2,1H3,(H,27,28)/t7-,8-,9+,10+,11+,12-,13-,14+,15+,17-/m0/s1		1	Positive	GNPS-ALKYLAMINES-LIBRARY	498.161	UPDATE-SINGLE-ANNOTATED-GOLD	Gold		C17H33NO12S	FGTFPUKWLBRFEM-VEYUIISXSA-N	FGTFPUKWLBRFEM	N/A	N/A	N/A				mzspec:GNPS:GNPS-LIBRARY:CCMSLIB00016352303
CCMSLIB00012412010	465	spectra_filtered.mgf	MSNLIB-POSITIVE.mgf	0.75224	193889.0	0	3390.88	6	1.10226	323.965	1	temp/spectra_filtered.mgf465	1	(4-chloro-1,3-dimethyl-1H-pyrazol-5-yl)[5-hydroxy-3-methyl-5-(trifluoromethyl)-4,5-dihydro-1H-pyrazol-1-yl]methanone	ESI	Orbitrap	Crude	Tomas Pluskal	Corinna Brungs	[M+H]+	325.067	324.06	1	N/A	N/A	CC1=NN(C(=O)c2c(Cl)c(C)nn2C)C(O)(C(F)(F)F)C1	InChI=1S/C11H12ClF3N4O2/c1-5-4-10(21,11(13,14)15)19(16-5)9(20)8-7(12)6(2)17-18(8)3/h21H,4H2,1-3H3	ZWZHLDMNSVZYFP-UHFFFAOYSA-N	1	Positive	MSNLIB-POSITIVE	325.067	UPDATE-SINGLE-ANNOTATED-GOLD	Gold		C11H12ClF3N4O2	ZWZHLDMNSVZYFP-UHFFFAOYSA-N	ZWZHLDMNSVZYFP	Organoheterocyclic compounds	Azoles	Pyrazoles			Alkaloids	mzspec:GNPS:GNPS-LIBRARY:CCMSLIB00012412010
CCMSLIB00016349626	213	spectra_filtered.mgf	GNPS-ALKYLAMINES-LIBRARY.mgf	0.75162	562855.0	0	8376.2	8	1.9613	232.191	1	temp/spectra_filtered.mgf213	1	Homocysteine_heptanal (known isomers: 0; isobaric peaks in run: 1)	LC-ESI	Orbitrap	Crude	Pieter Dorrestein	Julius	[M+H]+	234.152	233.145	1	N/A	heptanal_Amine_batch5_P5_A4.mzML:scan:920	CCCCCCCN[C@@H](CCS)C(=O)O	InChI=1S/C11H23NO2S/c1-2-3-4-5-6-8-12-10(7-9-15)11(13)14/h10,12,15H,2-9H2,1H3,(H,13,14)/t10-/m0/s1		1	Positive	GNPS-ALKYLAMINES-LIBRARY	234.152	UPDATE-SINGLE-ANNOTATED-GOLD	Gold		C11H23NO2S	CJLVKDPQEBYXOO-JTQLQIEISA-N	CJLVKDPQEBYXOO	N/A	N/A	N/A				mzspec:GNPS:GNPS-LIBRARY:CCMSLIB00016349626
CCMSLIB00006552073	501	spectra_filtered.mgf	BMDMS-NP.mgf	0.750929	5034200.0	0	7157.19	7	1.96887	273.121	1	temp/spectra_filtered.mgf501	1	Phloretin	ESI	Orbitrap	Commercial standard	BMDMS-NP	BMDMS-NP	[M+H]+	275.09	274.084	1	N/A	N/A	O=C(C=1C(O)=CC(O)=CC1O)CCC2=CC=C(O)C=C2	InChI=1S/C15H14O5/c16-10-4-1-9(2-5-10)3-6-12(18)15-13(19)7-11(17)8-14(15)20/h1-2,4-5,7-8,16-17,19-20H,3,6H2	N/A	1	Positive	BMDMS-NP	275.09	UPDATE-SINGLE-ANNOTATED-GOLD	Gold		C15H14O5	VGEREEWJJVICBM-UHFFFAOYSA-N	VGEREEWJJVICBM	Phenylpropanoids and polyketides	Linear 1,3-diarylpropanoids	Chalcones and dihydrochalcones	Flavonoids	Chalcones	Shikimates and Phenylpropanoids	mzspec:GNPS:GNPS-LIBRARY:CCMSLIB00006552073
CCMSLIB00013940615	81	spectra_filtered.mgf	WFSR-LIBRARY.mgf	0.749067	298169.0	0	3811.15	7	1.00323	264.24	1	temp/spectra_filtered.mgf81	1	"""2,4,6-Tri-tert-butylphenol_CE30"""	ESI	Orbitrap	Commercial	Federico Padilla-Gonzalez	"""Sjors Rasker, Wout Bergkamp"""	M+H	263.237	262.23	1	732-26-3	N/A	CC(C)(C)C1=CC(=C(O)C(=C1)C(C)(C)C)C(C)(C)C	"""InChI=1S/C18H30O/c1-16(2,3)12-10-13(17(4,5)6)15(19)14(11-12)18(7,8)9/h10-11,19H,1-9H3"""	N/A	1	Positive	WFSR-LIBRARY	263.237	UPDATE-SINGLE-ANNOTATED-GOLD	Gold		C18H30O	PFEFOYRSMXVNEL-UHFFFAOYSA-N	PFEFOYRSMXVNEL	Benzenoids	Benzene and substituted derivatives	Phenylpropanes	Flavonoids	Flavanones	Shikimates and Phenylpropanoids	mzspec:GNPS:GNPS-LIBRARY:CCMSLIB00013940615
CCMSLIB00010070119	248	spectra_filtered.mgf	PNNL-LIPIDS-POSITIVE.mgf	0.748454	546041.0	0	0.0731363	11	6.10352e-05	834.54	1	temp/spectra_filtered.mgf248	1	SQDG(16:0/18:3); [M+NH4]+ C43H80N1O12S1	LC-ESI	HCD; Velos	Commercial	Thomas Metz	Thomas Metz	M+NH4	834.54	0.0	1	N/A	N/A	N/A	N/A	N/A	1	Positive	PNNL-LIPIDS-POSITIVE	834.54	UPDATE-SINGLE-ANNOTATED-GOLD	Gold		N/A	N/A	N/A	N/A	N/A	N/A	N/A	N/A	N/A	mzspec:GNPS:GNPS-LIBRARY:CCMSLIB00010070119
CCMSLIB00004697116	216	spectra_filtered.mgf	MONA.mgf	0.7411	600165.0	0	867.042	6	0.297394	343.295	1	temp/spectra_filtered.mgf216	1	2-chloro-1,3,8-trihydroxy-6-(hydroxymethyl)anthracene-9,10-dione	N/A	ESI-QFT	isolated	MoNA	MoNA:VF-NPL-QEHF006053	[M+Na]+	342.998	0.0	1	N/A	N/A	O=C1c2cc(CO)cc(O)c2C(=O)c2c1cc(O)c(Cl)c2O	InChI=1S/C15H9ClO6/c16-12-9(19)3-7-11(15(12)22)14(21)10-6(13(7)20)1-5(4-17)2-8(10)18/h1-3,17-19,22H,4H2	N/A	3	positive	MONA	342.998	UPDATE-SINGLE-ANNOTATED-BRONZE	Bronze		C15H9ClO6	GPTPSPAFUZTDEG-UHFFFAOYSA-N	GPTPSPAFUZTDEG	Benzenoids	Anthracenes	Anthraquinones	Polycyclic aromatic polyketides	Anthraquinones and anthrones	Polyketides	mzspec:GNPS:GNPS-LIBRARY:CCMSLIB00004697116
CCMSLIB00003138914	70	spectra_filtered.mgf	GNPS-NIST14-MATCHES.mgf	0.739018	1058170.0	0	3550.92	6	1.00235	283.281	1	temp/spectra_filtered.mgf70	1	Spectral Match to 9-Octadecenamide, (Z)- from NIST14	ESI	QQQ	Isolated	Data from Wolfender/Litaudon	Data deposited by pmallard	M+H	282.279	281.272	1	301020	N/A	CCCCCCCC/C=C\CCCCCCCC(=O)N	InChI=1S/C18H35NO/c1-2-3-4-5-6-7-8-9-10-11-12-13-14-15-16-17-18(19)20/h9-10H,2-8,11-17H2,1H3,(H2,19,20)/b10-9-	N/A	3	Positive	GNPS-NIST14-MATCHES	282.279	UPDATE-SINGLE-ANNOTATED-BRONZE	Bronze		C18H35NO	FATBGEAMYMYZAF-KTKRTIGZSA-N	FATBGEAMYMYZAF	Lipids and lipid-like molecules	Fatty Acyls	Fatty amides	Fatty amides	Primary amides	Fatty acids	mzspec:GNPS:GNPS-LIBRARY:CCMSLIB00003138914
CCMSLIB00003140197	637	spectra_filtered.mgf	GNPS-NIST14-MATCHES.mgf	0.730847	34161500.0	0	3840.97	7	0.918396	240.023	1	temp/spectra_filtered.mgf637	1	Spectral Match to 4-(2-Hydroxyethyl)piperazine-1-ethanesulfonic acid from NIST14	ESI	IT/ion trap	Isolated	Data from Luan	Data deposited by rsilva	M+H	239.105	0.0	1	7365459	N/A	N/A	N/A	N/A	3	Positive	GNPS-NIST14-MATCHES	239.105	UPDATE-SINGLE-ANNOTATED-BRONZE	Bronze		N/A	N/A	N/A	N/A	N/A	N/A	N/A	N/A	N/A	mzspec:GNPS:GNPS-LIBRARY:CCMSLIB00003140197
CCMSLIB00005435817	35	spectra_filtered.mgf	GNPS-LIBRARY.mgf	0.72509	379098.0	0	3616.85	13	1.95715	539.164	1	temp/spectra_filtered.mgf35	1	Contaminant vial septum ThermoFisher C5000-44B	LC-ESI	Orbitrap	Commercial	Dorrestein	lfnothias	M+Na	541.121	0.0	0	 	 	 	 	 	3	Positive	GNPS-LIBRARY	541.121	UPDATE-SINGLE-ANNOTATED-BRONZE	Bronze		N/A	N/A	N/A	N/A	N/A	N/A	N/A	N/A	N/A	mzspec:GNPS:GNPS-LIBRARY:CCMSLIB00005435817
CCMSLIB00003140197	596	spectra_filtered.mgf	GNPS-NIST14-MATCHES.mgf	0.722287	26337000.0	0	3832.68	7	0.916412	240.021	0	temp/spectra_filtered.mgf596	1	Spectral Match to 4-(2-Hydroxyethyl)piperazine-1-ethanesulfonic acid from NIST14	ESI	IT/ion trap	Isolated	Data from Luan	Data deposited by rsilva	M+H	239.105	0.0	1	7365459	N/A	N/A	N/A	N/A	3	Positive	GNPS-NIST14-MATCHES	239.105	UPDATE-SINGLE-ANNOTATED-BRONZE	Bronze		N/A	N/A	N/A	N/A	N/A	N/A	N/A	N/A	N/A	mzspec:GNPS:GNPS-LIBRARY:CCMSLIB00003140197
CCMSLIB00012313604	384	spectra_filtered.mgf	MSNLIB-NEGATIVE.mgf	0.721149	7137260.0	0	4938.03	7	1.94095	391.12	1	temp/spectra_filtered.mgf384	1	CDKI-73	ESI	Orbitrap	Crude	Tomas Pluskal	Corinna Brungs	[M-H]-	393.061	394.068	1	N/A	N/A	CNc1nc(C)c(-c2nc(Nc3cc(S(N)(=O)=O)ccc3)ncc2F)s1	InChI=1S/C15H15FN6O2S2/c1-8-13(25-15(18-2)20-8)12-11(16)7-19-14(22-12)21-9-4-3-5-10(6-9)26(17,23)24/h3-7H,1-2H3,(H,18,20)(H2,17,23,24)(H,19,21,22)	GAIOPWBQKZMUNO-UHFFFAOYSA-N	1	Negative	MSNLIB-NEGATIVE	393.061	UPDATE-SINGLE-ANNOTATED-GOLD	Gold		C15H15FN6O2S2	GAIOPWBQKZMUNO-UHFFFAOYSA-N	GAIOPWBQKZMUNO	Benzenoids	Benzene and substituted derivatives	Benzenesulfonamides			Alkaloids	mzspec:GNPS:GNPS-LIBRARY:CCMSLIB00012313604
CCMSLIB00003140197	617	spectra_filtered.mgf	GNPS-NIST14-MATCHES.mgf	0.71925	34928400.0	0	3825.72	7	0.914749	240.02	1	temp/spectra_filtered.mgf617	1	Spectral Match to 4-(2-Hydroxyethyl)piperazine-1-ethanesulfonic acid from NIST14	ESI	IT/ion trap	Isolated	Data from Luan	Data deposited by rsilva	M+H	239.105	0.0	1	7365459	N/A	N/A	N/A	N/A	3	Positive	GNPS-NIST14-MATCHES	239.105	UPDATE-SINGLE-ANNOTATED-BRONZE	Bronze		N/A	N/A	N/A	N/A	N/A	N/A	N/A	N/A	N/A	mzspec:GNPS:GNPS-LIBRARY:CCMSLIB00003140197
CCMSLIB00005731255	87	spectra_filtered.mgf	MASSBANK.mgf	0.718771	28417000.0	0	3495.15	8	0.983002	280.264	1	temp/spectra_filtered.mgf87	1	Massbank:EQ331603 Linoleic acid|(9Z,12Z)-octadeca-9,12-dienoic acid	ESI	Hybrid FT	Isolated	Massbank	Massbank	M+H	281.247	0.0	1	60-33-3	N/A	CCCCC/C=C\C/C=C\CCCCCCCC(=O)O	1S/C18H32O2/c1-2-3-4-5-6-7-8-9-10-11-12-13-14-15-16-17-18(19)20/h6-7,9-10H,2-5,8,11-17H2,1H3,(H,19,20)/b7-6-,10-9-	N/A	3	Positive	MASSBANK	281.247	UPDATE-SINGLE-ANNOTATED-BRONZE	Bronze		C18H32O2	OYHQOLUKZRVURQ-HZJYTTRNSA-N	OYHQOLUKZRVURQ	Lipids and lipid-like molecules	Fatty Acyls	Lineolic acids and derivatives	Fatty Acids and Conjugates	Unsaturated fatty acids	Fatty acids	mzspec:GNPS:GNPS-LIBRARY:CCMSLIB00005731255
CCMSLIB00003140197	638	spectra_filtered.mgf	GNPS-NIST14-MATCHES.mgf	0.715087	17212200.0	0	3846.72	6	0.919769	240.025	1	temp/spectra_filtered.mgf638	1	Spectral Match to 4-(2-Hydroxyethyl)piperazine-1-ethanesulfonic acid from NIST14	ESI	IT/ion trap	Isolated	Data from Luan	Data deposited by rsilva	M+H	239.105	0.0	1	7365459	N/A	N/A	N/A	N/A	3	Positive	GNPS-NIST14-MATCHES	239.105	UPDATE-SINGLE-ANNOTATED-BRONZE	Bronze		N/A	N/A	N/A	N/A	N/A	N/A	N/A	N/A	N/A	mzspec:GNPS:GNPS-LIBRARY:CCMSLIB00003140197
CCMSLIB00004702831	133	spectra_filtered.mgf	MONA.mgf	0.705456	202308.0	0	2651.75	6	0.841034	316.321	1	temp/spectra_filtered.mgf133	1	CINCHONIDINE	N/A	ESI-QFT	isolated	MoNA	MoNA:VF-NPL-QEHF011768	[M+Na]+	317.162	0.0	1	N/A	N/A	C=C[C@H]1CN2CC[C@H]1C[C@H]2[C@H](O)c1ccnc2ccccc12	InChI=1S/C19H22N2O/c1-2-13-12-21-10-8-14(13)11-18(21)19(22)16-7-9-20-17-6-4-3-5-15(16)17/h2-7,9,13-14,18-19,22H,1,8,10-12H2/t13-,14-,18-,19+/m0/s1	N/A	3	positive	MONA	317.162	UPDATE-SINGLE-ANNOTATED-BRONZE	Bronze		C19H22N2O	KMPWYEUPVWOPIM-KODHJQJWSA-N	KMPWYEUPVWOPIM	N/A	N/A	N/A	Tryptophan alkaloids		Alkaloids	mzspec:GNPS:GNPS-LIBRARY:CCMSLIB00004702831
CCMSLIB00010076401	219	spectra_filtered.mgf	PNNL-LIPIDS-POSITIVE.mgf	0.703934	1114220.0	0	0.0654441	9	6.10352e-05	932.631	1	temp/spectra_filtered.mgf219	1	DGDG(16:0/18:3); [M+NH4]+ C49H90N1O15	LC-ESI	CID; Velos	Commercial	Thomas Metz	Thomas Metz	M+NH4	932.631	0.0	1	N/A	N/A	N/A	N/A	N/A	1	Positive	PNNL-LIPIDS-POSITIVE	932.631	UPDATE-SINGLE-ANNOTATED-GOLD	Gold		N/A	N/A	N/A	N/A	N/A	N/A	N/A	N/A	N/A	mzspec:GNPS:GNPS-LIBRARY:CCMSLIB00010076401
